timestamp,Building,average_aggregated_humidity
2023-04-02 00:00:00,LSK,71.54979268292682
2023-04-03 00:00:00,LSK,70.97235333333333
2023-04-04 00:00:00,LSK,71.26438999999999
2023-04-05 00:00:00,LSK,72.4559111111111
2023-04-06 00:00:00,LSK,71.89286
2023-04-07 00:00:00,LSK,67.26272666666664
2023-04-08 00:00:00,LSK,66.99792093023257
2023-04-12 00:00:00,LSK,67.3719311111111
2023-04-13 00:00:00,LSK,67.5859288888889
2023-04-14 00:00:00,LSK,68.13310476190476
2023-04-15 00:00:00,LSK,66.82549555555556
2023-04-16 00:00:00,LSK,64.95228
2023-04-17 00:00:00,LSK,66.13344444444442
2023-04-18 00:00:00,LSK,67.11952142857143
2023-04-19 00:00:00,LSK,68.18897999999999
2023-04-20 00:00:00,LSK,67.805478125
2023-04-21 00:00:00,LSK,68.20524888888889
2023-04-22 00:00:00,LSK,69.02697333333333
2023-04-23 00:00:00,LSK,70.01311555555554
2023-04-24 00:00:00,LSK,69.3791511111111
2023-04-25 00:00:00,LSK,68.79928888888888
2023-04-26 00:00:00,LSK,64.87773555555557
2023-04-27 00:00:00,LSK,67.37320222222223
2023-04-28 00:00:00,LSK,69.27366666666668
2023-04-29 00:00:00,LSK,70.14582444444444
2023-04-30 00:00:00,LSK,67.62547555555555
2023-05-01 00:00:00,LSK,65.82719555555556
2023-05-02 00:00:00,LSK,66.1258422222222
2023-05-03 00:00:00,LSK,67.88752444444447
2023-05-04 00:00:00,LSK,68.5011911111111
2023-05-05 00:00:00,LSK,68.40195333333332
2023-05-06 00:00:00,LSK,67.88636363636364
2023-05-06 01:00:00,LSK,67.96428571428571
2023-05-06 02:00:00,LSK,66.72727272727273
2023-05-06 03:00:00,LSK,67.39285714285714
2023-05-06 04:00:00,LSK,66.6086956521739
2023-05-06 05:00:00,LSK,67.25
2023-05-06 06:00:00,LSK,66.1590909090909
2023-05-06 07:00:00,LSK,67.25
2023-05-06 08:00:00,LSK,66.45454545454545
2023-05-06 09:00:00,LSK,68.19642857142857
2023-05-06 10:00:00,LSK,69.07142857142857
2023-05-06 11:00:00,LSK,69.33333333333333
2023-05-06 12:00:00,LSK,69.03571428571429
2023-05-06 13:00:00,LSK,68.98148148148148
2023-05-06 14:00:00,LSK,69.06818181818181
2023-05-06 15:00:00,LSK,68.81481481481481
2023-05-06 16:00:00,LSK,69.0576923076923
2023-05-06 17:00:00,LSK,69.26785714285714
2023-05-06 18:00:00,LSK,69.16666666666667
2023-05-06 19:00:00,LSK,70.98333333333333
2023-05-06 20:00:00,LSK,71.25714285714285
2023-05-06 21:00:00,LSK,69.58333333333333
2023-05-06 22:00:00,LSK,69.54411764705883
2023-05-06 23:00:00,LSK,68.23214285714286
2023-05-07 00:00:00,LSK,67.73913043478261
2023-05-07 01:00:00,LSK,67.26086956521739
2023-05-07 02:00:00,LSK,67.41304347826087
2023-05-07 03:00:00,LSK,70.52380952380952
2023-05-07 04:00:00,LSK,69.1029411764706
2023-05-07 05:00:00,LSK,69.07407407407408
2023-05-07 06:00:00,LSK,68.60606060606061
2023-05-07 07:00:00,LSK,68.01785714285714
2023-05-07 08:00:00,LSK,68
2023-05-07 09:00:00,LSK,68.5
2023-05-07 10:00:00,LSK,68.60714285714286
2023-05-07 11:00:00,LSK,68.08928571428571
2023-05-07 12:00:00,LSK,70
2023-05-07 13:00:00,LSK,69.03846153846153
2023-05-07 14:00:00,LSK,68.85
2023-05-07 15:00:00,LSK,69.1875
2023-05-07 16:00:00,LSK,67
2023-05-07 20:00:00,LSK,68.1
2023-05-07 21:00:00,LSK,71.41666666666667
2023-05-07 22:00:00,LSK,69.92857142857143
2023-05-07 23:00:00,LSK,67.77586206896552
2023-05-08 00:00:00,LSK,68.06521739130434
2023-05-08 01:00:00,LSK,68.75
2023-05-08 02:00:00,LSK,67.58695652173913
2023-05-08 03:00:00,LSK,69.52941176470588
2023-05-08 04:00:00,LSK,67.41304347826087
2023-05-08 05:00:00,LSK,67.96428571428571
2023-05-08 06:00:00,LSK,67.81481481481481
2023-05-08 07:00:00,LSK,66.82142857142857
2023-05-08 08:00:00,LSK,65.03448275862068
2023-05-08 09:00:00,LSK,67.82142857142857
2023-05-08 10:00:00,LSK,67.92857142857143
2023-05-08 11:00:00,LSK,68.05357142857143
2023-05-08 12:00:00,LSK,66.60606060606061
2023-05-08 13:00:00,LSK,66.58620689655173
2023-05-08 14:00:00,LSK,66.7560975609756
2023-05-08 15:00:00,LSK,67.39285714285714
2023-05-08 16:00:00,LSK,67.26785714285714
2023-05-08 17:00:00,LSK,67.76785714285714
2023-05-08 18:00:00,LSK,68.16666666666667
2023-05-08 19:00:00,LSK,68.94594594594595
2023-05-08 20:00:00,LSK,69.5
2023-05-08 21:00:00,LSK,68.81818181818181
2023-05-08 22:00:00,LSK,69.13636363636364
2023-05-08 23:00:00,LSK,69.30952380952381
2023-05-09 00:00:00,LSK,68.7375
2023-05-09 01:00:00,LSK,68.51851851851852
2023-05-09 02:00:00,LSK,68.0909090909091
2023-05-09 03:00:00,LSK,68.47777777777777
2023-05-09 04:00:00,LSK,67.25862068965517
2023-05-09 05:00:00,LSK,68.94594594594595
2023-05-09 06:00:00,LSK,67.82352941176471
2023-05-09 07:00:00,LSK,67.68518518518519
2023-05-09 08:00:00,LSK,67.05
2023-05-09 09:00:00,LSK,68.5
2023-05-09 10:00:00,LSK,68.0925925925926
2023-05-09 11:00:00,LSK,66.9375
2023-05-09 12:00:00,LSK,68.01923076923077
2023-05-09 13:00:00,LSK,66.98717948717949
2023-05-09 14:00:00,LSK,66.88157894736842
2023-05-09 15:00:00,LSK,67.4074074074074
2023-05-09 16:00:00,LSK,67.42307692307692
2023-05-09 17:00:00,LSK,66.78571428571429
2023-05-09 18:00:00,LSK,68.17307692307692
2023-05-09 19:00:00,LSK,68.18518518518519
2023-05-09 20:00:00,LSK,68.44736842105263
2023-05-09 21:00:00,LSK,68.25
2023-05-09 22:00:00,LSK,68.29411764705883
2023-05-09 23:00:00,LSK,67.65151515151516
2023-05-10 00:00:00,LSK,67.38636363636364
2023-05-10 01:00:00,LSK,67.5657894736842
2023-05-10 02:00:00,LSK,66.88636363636364
2023-05-10 03:00:00,LSK,67.01136363636364
2023-05-10 04:00:00,LSK,66.06818181818181
2023-05-10 05:00:00,LSK,66.46296296296296
2023-05-10 06:00:00,LSK,66.6923076923077
2023-05-10 07:00:00,LSK,65.86363636363636
2023-05-10 08:00:00,LSK,65.8030303030303
2023-05-10 09:00:00,LSK,66.27272727272727
2023-05-10 10:00:00,LSK,66.26470588235294
2023-05-10 11:00:00,LSK,66.62962962962963
2023-05-10 12:00:00,LSK,65.29545454545455
2023-05-10 13:00:00,LSK,62.6875
2023-05-10 14:00:00,LSK,62.34848484848485
2023-05-10 15:00:00,LSK,63.455882352941174
2023-05-10 16:00:00,LSK,65.05555555555556
2023-05-10 17:00:00,LSK,64.61363636363636
2023-05-10 18:00:00,LSK,65.78787878787878
2023-05-10 19:00:00,LSK,67.14285714285714
2023-05-10 20:00:00,LSK,67.07692307692308
2023-05-10 21:00:00,LSK,68.22
2023-05-10 22:00:00,LSK,67.41304347826087
2023-05-10 23:00:00,LSK,67.640625
2023-05-11 00:00:00,LSK,66.6625
2023-05-11 01:00:00,LSK,66.38235294117646
2023-05-11 02:00:00,LSK,66.19117647058823
2023-05-11 03:00:00,LSK,66.375
2023-05-11 04:00:00,LSK,65.30232558139535
2023-05-11 05:00:00,LSK,65.79411764705883
2023-05-11 06:00:00,LSK,66.05555555555556
2023-05-11 07:00:00,LSK,66.41935483870968
2023-05-11 08:00:00,LSK,66.46428571428571
2023-05-11 09:00:00,LSK,67.95652173913044
2023-05-11 10:00:00,LSK,67.76470588235294
2023-05-11 11:00:00,LSK,67.37037037037037
2023-05-11 12:00:00,LSK,67.16071428571429
2023-05-11 13:00:00,LSK,67.01428571428572
2023-05-11 14:00:00,LSK,66.18
2023-05-11 15:00:00,LSK,66.60810810810811
2023-05-11 16:00:00,LSK,66.86363636363636
2023-05-11 17:00:00,LSK,66.23684210526316
2023-05-11 18:00:00,LSK,67.4375
2023-05-11 19:00:00,LSK,68.82142857142857
2023-05-11 20:00:00,LSK,68.26923076923077
2023-05-11 21:00:00,LSK,68.3125
2023-05-11 22:00:00,LSK,68
2023-05-11 23:00:00,LSK,68.26
2023-05-12 00:00:00,LSK,68.29411764705883
2023-05-12 01:00:00,LSK,68.31481481481481
2023-05-12 02:00:00,LSK,67.44827586206897
2023-05-12 03:00:00,LSK,67.67441860465117
2023-05-12 04:00:00,LSK,67.9090909090909
2023-05-12 05:00:00,LSK,67.4090909090909
2023-05-12 06:00:00,LSK,67.04545454545455
2023-05-12 07:00:00,LSK,67.02272727272727
2023-05-12 08:00:00,LSK,66.47435897435898
2023-05-12 09:00:00,LSK,68.3409090909091
2023-05-12 10:00:00,LSK,67.70689655172414
2023-05-12 11:00:00,LSK,67.53448275862068
2023-05-12 12:00:00,LSK,68.57407407407408
2023-05-12 13:00:00,LSK,68.18181818181819
2023-05-12 14:00:00,LSK,67.81818181818181
2023-05-12 15:00:00,LSK,68.87037037037037
2023-05-12 16:00:00,LSK,68.88
2023-05-12 17:00:00,LSK,69.15
2023-05-12 18:00:00,LSK,69.04285714285714
2023-05-12 19:00:00,LSK,69.02631578947368
2023-05-12 20:00:00,LSK,70.03333333333333
2023-05-12 21:00:00,LSK,70.06410256410257
2023-05-12 22:00:00,LSK,69.37931034482759
2023-05-12 23:00:00,LSK,63
2023-05-13 03:00:00,LSK,69.1
2023-05-13 04:00:00,LSK,69.3409090909091
2023-05-13 05:00:00,LSK,69.12
2023-05-13 06:00:00,LSK,68.93478260869566
2023-05-13 07:00:00,LSK,68.74
2023-05-13 08:00:00,LSK,67.1896551724138
2023-05-13 09:00:00,LSK,68.4
2023-05-13 10:00:00,LSK,68.57142857142857
2023-05-13 11:00:00,LSK,70.42
2023-05-13 12:00:00,LSK,70.22
2023-05-13 13:00:00,LSK,70.64
2023-05-13 14:00:00,LSK,69.765625
2023-05-13 15:00:00,LSK,70.66
2023-05-13 16:00:00,LSK,70.82
2023-05-13 17:00:00,LSK,70.26315789473684
2023-05-13 18:00:00,LSK,70.39583333333333
2023-05-13 19:00:00,LSK,70.21052631578948
2023-05-13 20:00:00,LSK,70.40322580645162
2023-05-13 21:00:00,LSK,70.48387096774194
2023-05-13 22:00:00,LSK,69.73684210526316
2023-05-13 23:00:00,LSK,69.98214285714286
2023-05-14 00:00:00,LSK,70.20833333333333
2023-05-14 01:00:00,LSK,69.42105263157895
2023-05-14 02:00:00,LSK,69.8125
2023-05-14 03:00:00,LSK,69.23333333333333
2023-05-14 04:00:00,LSK,68.84210526315789
2023-05-14 05:00:00,LSK,68.67241379310344
2023-05-14 06:00:00,LSK,68.82758620689656
2023-05-14 07:00:00,LSK,68.95833333333333
2023-05-14 08:00:00,LSK,67.91071428571429
2023-05-14 09:00:00,LSK,69.14583333333333
2023-05-14 10:00:00,LSK,68.8529411764706
2023-05-14 11:00:00,LSK,69.89583333333333
2023-05-14 12:00:00,LSK,69.71052631578948
2023-05-14 13:00:00,LSK,70.15217391304348
2023-05-14 14:00:00,LSK,69.83333333333333
2023-05-14 15:00:00,LSK,69.77083333333333
2023-05-14 16:00:00,LSK,69.72
2023-05-14 17:00:00,LSK,69.075
2023-05-14 18:00:00,LSK,69.74
2023-05-14 19:00:00,LSK,70.05
2023-05-14 20:00:00,LSK,70.57142857142857
2023-05-14 21:00:00,LSK,70.08333333333333
2023-05-14 22:00:00,LSK,69.25
2023-05-14 23:00:00,LSK,69.82222222222222
2023-05-15 00:00:00,LSK,69.34
2023-05-15 01:00:00,LSK,69.36363636363636
2023-05-15 02:00:00,LSK,69.16
2023-05-15 03:00:00,LSK,69.69318181818181
2023-05-15 04:00:00,LSK,69.3125
2023-05-15 05:00:00,LSK,69.73529411764706
2023-05-15 06:00:00,LSK,69.22413793103448
2023-05-15 07:00:00,LSK,67.925
2023-05-15 08:00:00,LSK,68.5
2023-05-15 09:00:00,LSK,69.1
2023-05-15 10:00:00,LSK,68.47058823529412
2023-05-15 11:00:00,LSK,69.06
2023-05-15 12:00:00,LSK,68.82
2023-05-15 13:00:00,LSK,68
2023-05-15 14:00:00,LSK,67.925
2023-05-15 15:00:00,LSK,67.22857142857143
2023-05-15 16:00:00,LSK,68.30434782608695
2023-05-15 17:00:00,LSK,67.16666666666667
2023-05-15 18:00:00,LSK,68.76
2023-05-15 19:00:00,LSK,66.86666666666666
2023-05-15 20:00:00,LSK,69.6
2023-05-15 21:00:00,LSK,70.88095238095238
2023-05-15 22:00:00,LSK,70.12903225806451
2023-05-15 23:00:00,LSK,70.23611111111111
2023-05-16 00:00:00,LSK,69.45238095238095
2023-05-16 01:00:00,LSK,69.75
2023-05-16 02:00:00,LSK,69.48
2023-05-16 03:00:00,LSK,69.375
2023-05-16 04:00:00,LSK,68.85714285714286
2023-05-16 05:00:00,LSK,68.54761904761905
2023-05-16 06:00:00,LSK,69.04
2023-05-16 07:00:00,LSK,67.83333333333333
2023-05-16 08:00:00,LSK,66.98333333333333
2023-05-16 09:00:00,LSK,68.16666666666667
2023-05-16 10:00:00,LSK,67.83823529411765
2023-05-16 11:00:00,LSK,68.16666666666667
2023-05-16 12:00:00,LSK,69.10416666666667
2023-05-16 13:00:00,LSK,68.35
2023-05-16 14:00:00,LSK,68.43333333333334
2023-05-16 15:00:00,LSK,68.95238095238095
2023-05-16 16:00:00,LSK,69.14285714285714
2023-05-16 17:00:00,LSK,69.61904761904762
2023-05-16 18:00:00,LSK,69.57142857142857
2023-05-16 19:00:00,LSK,69.43333333333334
2023-05-16 20:00:00,LSK,71.21875
2023-05-16 21:00:00,LSK,71.1304347826087
2023-05-16 22:00:00,LSK,70.8125
2023-05-16 23:00:00,LSK,70.05
2023-05-17 00:00:00,LSK,70.12121212121212
2023-05-17 01:00:00,LSK,70.01515151515152
2023-05-17 02:00:00,LSK,69.61904761904762
2023-05-17 03:00:00,LSK,69.75
2023-05-17 04:00:00,LSK,68.80952380952381
2023-05-17 05:00:00,LSK,68.88095238095238
2023-05-17 06:00:00,LSK,69.1590909090909
2023-05-17 07:00:00,LSK,67.58620689655173
2023-05-17 08:00:00,LSK,67.66666666666667
2023-05-17 09:00:00,LSK,68.10416666666667
2023-05-17 10:00:00,LSK,68.46875
2023-05-17 11:00:00,LSK,68.97619047619048
2023-05-17 12:00:00,LSK,69
2023-05-17 13:00:00,LSK,68.88333333333334
2023-05-17 14:00:00,LSK,69.48611111111111
2023-05-17 15:00:00,LSK,69.21428571428571
2023-05-17 16:00:00,LSK,69.30952380952381
2023-05-17 17:00:00,LSK,69.23809523809524
2023-05-17 18:00:00,LSK,70.14516129032258
2023-05-17 19:00:00,LSK,69.53703703703704
2023-05-17 20:00:00,LSK,71.28947368421052
2023-05-17 21:00:00,LSK,71.6896551724138
2023-05-17 22:00:00,LSK,71.41666666666667
2023-05-17 23:00:00,LSK,71.53125
2023-05-18 00:00:00,LSK,71.13235294117646
2023-05-18 01:00:00,LSK,71.125
2023-05-18 02:00:00,LSK,70.425
2023-05-18 03:00:00,LSK,71.52380952380952
2023-05-18 04:00:00,LSK,70.45
2023-05-18 05:00:00,LSK,71
2023-05-18 06:00:00,LSK,70.83333333333333
2023-05-18 07:00:00,LSK,69.8125
2023-05-18 10:00:00,LSK,68.08333333333333
2023-05-18 11:00:00,LSK,68.2
2023-05-18 12:00:00,LSK,68.325
2023-05-18 13:00:00,LSK,68.56521739130434
2023-05-18 14:00:00,LSK,68.75
2023-05-18 15:00:00,LSK,68.47916666666667
2023-05-18 16:00:00,LSK,67.82352941176471
2023-05-18 17:00:00,LSK,67.41935483870968
2023-05-18 18:00:00,LSK,67.9659090909091
2023-05-18 19:00:00,LSK,68.62820512820512
2023-05-18 20:00:00,LSK,70.05263157894737
2023-05-18 21:00:00,LSK,69.9074074074074
2023-05-18 22:00:00,LSK,70.98387096774194
2023-05-18 23:00:00,LSK,70.16071428571429
2023-05-19 00:00:00,LSK,69.3970588235294
2023-05-19 01:00:00,LSK,68.30952380952381
2023-05-19 02:00:00,LSK,70.140625
2023-05-19 03:00:00,LSK,69.68888888888888
2023-05-19 04:00:00,LSK,68.8125
2023-05-19 05:00:00,LSK,68.20454545454545
2023-05-19 06:00:00,LSK,68.375
2023-05-19 07:00:00,LSK,67.18333333333334
2023-05-19 08:00:00,LSK,67.96875
2023-05-19 09:00:00,LSK,67.8
2023-05-19 10:00:00,LSK,67.21212121212122
2023-05-19 11:00:00,LSK,66.6
2023-05-19 12:00:00,LSK,67.6086956521739
2023-05-19 13:00:00,LSK,66.8103448275862
2023-05-19 14:00:00,LSK,67.421875
2023-05-19 15:00:00,LSK,67.71428571428571
2023-05-19 16:00:00,LSK,67.05
2023-05-19 17:00:00,LSK,67.57692307692308
2023-05-19 18:00:00,LSK,67.6969696969697
2023-05-19 19:00:00,LSK,69.27941176470588
2023-05-19 20:00:00,LSK,70.31818181818181
2023-05-19 21:00:00,LSK,70.08571428571429
2023-05-19 22:00:00,LSK,69.52272727272727
2023-05-19 23:00:00,LSK,68.525
2023-05-20 00:00:00,LSK,68.15
2023-05-20 01:00:00,LSK,67.625
2023-05-20 02:00:00,LSK,69.41935483870968
2023-05-20 03:00:00,LSK,69.75714285714285
2023-05-20 04:00:00,LSK,67.36206896551724
2023-05-20 05:00:00,LSK,67.76086956521739
2023-05-20 06:00:00,LSK,67.80434782608695
2023-05-20 07:00:00,LSK,66.82608695652173
2023-05-20 08:00:00,LSK,66.15
2023-05-20 09:00:00,LSK,67.71739130434783
2023-05-20 10:00:00,LSK,67.921875
2023-05-20 11:00:00,LSK,67.95
2023-05-20 12:00:00,LSK,68.58695652173913
2023-05-20 13:00:00,LSK,68.4
2023-05-20 14:00:00,LSK,69.515625
2023-05-20 15:00:00,LSK,68.52272727272727
2023-05-20 16:00:00,LSK,68.63636363636364
2023-05-20 17:00:00,LSK,68.25
2023-05-20 18:00:00,LSK,70.08571428571429
2023-05-20 19:00:00,LSK,70.1590909090909
2023-05-20 20:00:00,LSK,70.5625
2023-05-20 21:00:00,LSK,67.6842105263158
2023-05-20 22:00:00,LSK,69.13793103448276
2023-05-20 23:00:00,LSK,69.796875
2023-05-21 00:00:00,LSK,67.8157894736842
2023-05-21 01:00:00,LSK,69.74193548387096
2023-05-21 02:00:00,LSK,68.21052631578948
2023-05-21 03:00:00,LSK,69.29166666666667
2023-05-21 04:00:00,LSK,68.1842105263158
2023-05-21 05:00:00,LSK,68.1842105263158
2023-05-21 06:00:00,LSK,69.45454545454545
2023-05-21 07:00:00,LSK,67.65789473684211
2023-05-21 08:00:00,LSK,68.53448275862068
2023-05-21 09:00:00,LSK,68.26190476190476
2023-05-21 10:00:00,LSK,69.66666666666667
2023-05-21 11:00:00,LSK,68.83333333333333
2023-05-21 12:00:00,LSK,68.47619047619048
2023-05-21 13:00:00,LSK,67.11111111111111
2023-05-21 14:00:00,LSK,67.8157894736842
2023-05-21 15:00:00,LSK,69.81818181818181
2023-05-21 16:00:00,LSK,68.05263157894737
2023-05-21 17:00:00,LSK,69.86363636363636
2023-05-21 18:00:00,LSK,68.47619047619048
2023-05-21 19:00:00,LSK,70.58333333333333
2023-05-21 20:00:00,LSK,71.36363636363636
2023-05-21 21:00:00,LSK,71.32432432432432
2023-05-21 22:00:00,LSK,69.375
2023-05-21 23:00:00,LSK,71.47619047619048
2023-05-22 00:00:00,LSK,68.3157894736842
2023-05-22 01:00:00,LSK,70.1875
2023-05-22 02:00:00,LSK,67.94736842105263
2023-05-22 03:00:00,LSK,70.16129032258064
2023-05-22 04:00:00,LSK,67.52631578947368
2023-05-22 05:00:00,LSK,71.33823529411765
2023-05-22 06:00:00,LSK,67.44736842105263
2023-05-22 07:00:00,LSK,68.25
2023-05-22 08:00:00,LSK,65.5
2023-05-22 09:00:00,LSK,65.70454545454545
2023-05-22 10:00:00,LSK,65.63636363636364
2023-05-22 11:00:00,LSK,64.97727272727273
2023-05-22 12:00:00,LSK,64.54545454545455
2023-05-22 13:00:00,LSK,63.30952380952381
2023-05-22 14:00:00,LSK,64.78125
2023-05-22 15:00:00,LSK,64.71875
2023-05-22 16:00:00,LSK,64.64285714285714
2023-05-22 17:00:00,LSK,63.26315789473684
2023-05-22 18:00:00,LSK,64.421875
2023-05-22 19:00:00,LSK,63.416666666666664
2023-05-22 20:00:00,LSK,65.65
2023-05-22 21:00:00,LSK,64.76315789473684
2023-05-22 22:00:00,LSK,67.27777777777777
2023-05-22 23:00:00,LSK,67.1
2023-05-23 00:00:00,LSK,66.2741935483871
2023-05-23 01:00:00,LSK,65.42857142857143
2023-05-23 02:00:00,LSK,65.22727272727273
2023-05-23 03:00:00,LSK,67.15714285714286
2023-05-23 04:00:00,LSK,65.03448275862068
2023-05-23 05:00:00,LSK,66.54411764705883
2023-05-23 06:00:00,LSK,66.171875
2023-05-23 07:00:00,LSK,63.8421052631579
2023-05-23 08:00:00,LSK,65.53125
2023-05-23 09:00:00,LSK,65.03846153846153
2023-05-23 10:00:00,LSK,66.8409090909091
2023-05-23 11:00:00,LSK,66.38636363636364
2023-05-23 12:00:00,LSK,65.5
2023-05-23 13:00:00,LSK,66.109375
2023-05-23 14:00:00,LSK,66.27380952380952
2023-05-23 15:00:00,LSK,66.4375
2023-05-23 16:00:00,LSK,67.04285714285714
2023-05-23 17:00:00,LSK,66.38095238095238
2023-05-23 18:00:00,LSK,66.13636363636364
2023-05-23 19:00:00,LSK,67.65384615384616
2023-05-23 20:00:00,LSK,68.84615384615384
2023-05-23 21:00:00,LSK,67.29629629629629
2023-05-23 22:00:00,LSK,67.34615384615384
2023-05-23 23:00:00,LSK,68.95454545454545
2023-05-24 00:00:00,LSK,67.34210526315789
2023-05-24 01:00:00,LSK,68.25
2023-05-24 02:00:00,LSK,67.15789473684211
2023-05-24 03:00:00,LSK,68.275
2023-05-24 04:00:00,LSK,67.07894736842105
2023-05-24 05:00:00,LSK,68.06818181818181
2023-05-24 06:00:00,LSK,68.13636363636364
2023-05-24 07:00:00,LSK,66.52631578947368
2023-05-24 08:00:00,LSK,65.60714285714286
2023-05-24 09:00:00,LSK,66.02631578947368
2023-05-24 10:00:00,LSK,66.5909090909091
2023-05-24 11:00:00,LSK,65.96875
2023-05-24 12:00:00,LSK,66.02272727272727
2023-05-24 13:00:00,LSK,65.43103448275862
2023-05-24 14:00:00,LSK,65.75
2023-05-24 15:00:00,LSK,65.97727272727273
2023-05-24 16:00:00,LSK,66.31428571428572
2023-05-24 17:00:00,LSK,66.04545454545455
2023-05-24 18:00:00,LSK,66.88095238095238
2023-05-24 19:00:00,LSK,66.95454545454545
2023-05-24 20:00:00,LSK,67.77272727272727
2023-05-24 21:00:00,LSK,68.30681818181819
2023-05-24 22:00:00,LSK,67.81666666666666
2023-05-24 23:00:00,LSK,67.51724137931035
2023-05-25 00:00:00,LSK,67.01724137931035
2023-05-25 01:00:00,LSK,67.5909090909091
2023-05-25 02:00:00,LSK,67.1590909090909
2023-05-25 03:00:00,LSK,66.23214285714286
2023-05-25 04:00:00,LSK,65.8157894736842
2023-05-25 05:00:00,LSK,66.56818181818181
2023-05-25 06:00:00,LSK,66.68181818181819
2023-05-25 07:00:00,LSK,66.29545454545455
2023-05-25 08:00:00,LSK,66.6829268292683
2023-05-25 09:00:00,LSK,66.63157894736842
2023-05-25 10:00:00,LSK,67.43181818181819
2023-05-25 11:00:00,LSK,66.453125
2023-05-25 12:00:00,LSK,66.03571428571429
2023-05-25 13:00:00,LSK,67.52272727272727
2023-05-25 14:00:00,LSK,68.16129032258064
2023-05-25 15:00:00,LSK,67.36363636363636
2023-05-25 16:00:00,LSK,67.45454545454545
2023-05-25 17:00:00,LSK,66.8157894736842
2023-05-25 18:00:00,LSK,67.80952380952381
2023-05-25 19:00:00,LSK,68.38235294117646
2023-05-25 20:00:00,LSK,68.96875
2023-05-25 21:00:00,LSK,70.01724137931035
2023-05-25 22:00:00,LSK,68.80357142857143
2023-05-25 23:00:00,LSK,70.3170731707317
2023-05-26 00:00:00,LSK,68.60526315789474
2023-05-26 01:00:00,LSK,69.28571428571429
2023-05-26 02:00:00,LSK,68.8409090909091
2023-05-26 03:00:00,LSK,68.296875
2023-05-26 04:00:00,LSK,67.73684210526316
2023-05-26 05:00:00,LSK,68.3409090909091
2023-05-26 06:00:00,LSK,68.20454545454545
2023-05-26 07:00:00,LSK,67.8409090909091
2023-05-26 08:00:00,LSK,68.453125
2023-05-26 09:00:00,LSK,67.28947368421052
2023-05-26 10:00:00,LSK,68.43181818181819
2023-05-26 11:00:00,LSK,68.4090909090909
2023-05-26 12:00:00,LSK,67.80952380952381
2023-05-26 13:00:00,LSK,67.23684210526316
2023-05-26 14:00:00,LSK,68.25
2023-05-26 15:00:00,LSK,67.95454545454545
2023-05-26 16:00:00,LSK,68.34375
2023-05-26 17:00:00,LSK,68.69354838709677
2023-05-26 18:00:00,LSK,68.375
2023-05-26 19:00:00,LSK,67.56521739130434
2023-05-26 20:00:00,LSK,69.01923076923077
2023-05-26 21:00:00,LSK,68.77586206896552
2023-05-26 22:00:00,LSK,69.46875
2023-05-26 23:00:00,LSK,69.69047619047619
2023-05-27 00:00:00,LSK,68.16666666666667
2023-05-27 01:00:00,LSK,68.44736842105263
2023-05-27 02:00:00,LSK,68.90625
2023-05-27 03:00:00,LSK,68.125
2023-05-27 04:00:00,LSK,67.84210526315789
2023-05-27 05:00:00,LSK,68.175
2023-05-27 06:00:00,LSK,68.94117647058823
2023-05-27 07:00:00,LSK,67.47368421052632
2023-05-27 08:00:00,LSK,67.13793103448276
2023-05-27 09:00:00,LSK,68.9090909090909
2023-05-27 10:00:00,LSK,68.81818181818181
2023-05-27 11:00:00,LSK,68.61363636363636
2023-05-27 12:00:00,LSK,68.47727272727273
2023-05-27 13:00:00,LSK,67.17241379310344
2023-05-27 14:00:00,LSK,67.81818181818181
2023-05-27 15:00:00,LSK,67.93181818181819
2023-05-27 16:00:00,LSK,67.36363636363636
2023-05-27 17:00:00,LSK,67.13636363636364
2023-05-27 18:00:00,LSK,67.1590909090909
2023-05-27 19:00:00,LSK,68.39583333333333
2023-05-27 20:00:00,LSK,68.25757575757575
2023-05-27 21:00:00,LSK,68.5625
2023-05-27 22:00:00,LSK,68.65853658536585
2023-05-27 23:00:00,LSK,69.42647058823529
2023-05-28 00:00:00,LSK,67.55263157894737
2023-05-28 01:00:00,LSK,67.47368421052632
2023-05-28 02:00:00,LSK,67.55263157894737
2023-05-28 03:00:00,LSK,69.05714285714286
2023-05-28 04:00:00,LSK,67.3157894736842
2023-05-28 05:00:00,LSK,68.01190476190476
2023-05-28 06:00:00,LSK,67.93181818181819
2023-05-28 07:00:00,LSK,67.5
2023-05-28 08:00:00,LSK,67
2023-05-28 09:00:00,LSK,66.43181818181819
2023-05-28 10:00:00,LSK,66.79545454545455
2023-05-28 11:00:00,LSK,66
2023-05-28 12:00:00,LSK,67.3
2023-05-28 13:00:00,LSK,65.07894736842105
2023-05-28 14:00:00,LSK,66.40322580645162
2023-05-28 15:00:00,LSK,65.80882352941177
2023-05-28 16:00:00,LSK,64.6590909090909
2023-05-28 17:00:00,LSK,64.92857142857143
2023-05-28 18:00:00,LSK,65.18181818181819
2023-05-28 19:00:00,LSK,64.68181818181819
2023-05-28 20:00:00,LSK,65.61111111111111
2023-05-28 21:00:00,LSK,66.13888888888889
2023-05-28 22:00:00,LSK,65.5
2023-05-28 23:00:00,LSK,65.48809523809524
2023-05-29 00:05:00,LSK,66.22222222222223
2023-05-29 00:35:00,LSK,65.70588235294117
2023-05-29 01:00:00,LSK,64.92307692307692
2023-05-29 01:30:00,LSK,64.92307692307692
2023-05-29 02:00:00,LSK,65.80952380952381
2023-05-29 02:35:00,LSK,65.92307692307692
2023-05-29 03:00:00,LSK,65.68181818181819
2023-05-29 03:30:00,LSK,65.17647058823529
2023-05-29 04:05:00,LSK,65.6470588235294
2023-05-29 04:35:00,LSK,65.94444444444444
2023-05-29 05:00:00,LSK,65.77272727272727
2023-05-29 05:35:00,LSK,65.72222222222223
2023-05-29 06:00:00,LSK,65.63157894736842
2023-05-29 06:35:00,LSK,66.11764705882354
2023-05-29 07:00:00,LSK,65.86363636363636
2023-05-29 07:35:00,LSK,65
2023-05-29 08:05:00,LSK,65.3076923076923
2023-05-29 08:40:00,LSK,63.625
2023-05-29 09:05:00,LSK,64
2023-05-29 09:35:00,LSK,63.55555555555556
2023-05-29 10:00:00,LSK,64
2023-05-29 10:30:00,LSK,64.05882352941177
2023-05-29 11:05:00,LSK,64.05882352941177
2023-05-29 11:35:00,LSK,64.23529411764706
2023-05-29 12:05:00,LSK,63.88235294117647
2023-05-29 12:35:00,LSK,63.588235294117645
2023-05-29 13:05:00,LSK,64.6470588235294
2023-05-29 13:35:00,LSK,63.77777777777778
2023-05-29 14:10:00,LSK,63.05
2023-05-29 14:35:00,LSK,63.72222222222222
2023-05-29 15:00:00,LSK,63.78260869565217
2023-05-29 15:35:00,LSK,64.63157894736842
2023-05-29 16:05:00,LSK,64.36842105263158
2023-05-29 16:35:00,LSK,65.11764705882354
2023-05-29 17:00:00,LSK,63.95454545454545
2023-05-29 17:35:00,LSK,64.03703703703704
2023-05-29 18:00:00,LSK,65.22727272727273
2023-05-29 18:40:00,LSK,63.8
2023-05-29 19:15:00,LSK,65.875
2023-05-29 19:45:00,LSK,67.1875
2023-05-29 20:10:00,LSK,68.81818181818181
2023-05-29 20:30:00,LSK,67
2023-05-29 21:15:00,LSK,67.71428571428571
2023-05-29 21:35:00,LSK,66.44444444444444
2023-05-29 22:05:00,LSK,66.30434782608695
2023-05-29 22:35:00,LSK,66.0909090909091
2023-05-29 23:05:00,LSK,66.64285714285714
2023-05-29 23:30:00,LSK,65.78260869565217
2023-05-30 00:05:00,LSK,66.89473684210526
2023-05-30 00:35:00,LSK,67
2023-05-30 01:00:00,LSK,66.8695652173913
2023-05-30 01:35:00,LSK,69.75
2023-05-30 02:00:00,LSK,66.45
2023-05-30 02:35:00,LSK,66.82352941176471
2023-05-30 03:00:00,LSK,67.04545454545455
2023-05-30 03:30:00,LSK,66.2
2023-05-30 04:00:00,LSK,65.61904761904762
2023-05-30 04:35:00,LSK,65.89473684210526
2023-05-30 05:00:00,LSK,66.05263157894737
2023-05-30 05:49:00,LSK,65.9090909090909
2023-05-30 06:05:00,LSK,65.94736842105263
2023-05-30 06:35:00,LSK,65.63157894736842
2023-05-30 07:00:00,LSK,64.54545454545455
2023-05-30 07:35:00,LSK,63.8421052631579
2023-05-30 08:05:00,LSK,64.13793103448276
2023-05-30 08:35:00,LSK,65.72222222222223
2023-05-30 09:00:00,LSK,64.52173913043478
2023-05-30 09:35:00,LSK,65
2023-05-30 10:00:00,LSK,66.04347826086956
2023-05-30 10:30:00,LSK,66.30434782608695
2023-05-30 11:00:00,LSK,66.15
2023-05-30 11:35:00,LSK,66.26315789473684
2023-05-30 12:00:00,LSK,65.95238095238095
2023-05-30 12:35:00,LSK,67.57894736842105
2023-05-30 13:05:00,LSK,67.07407407407408
2023-05-30 13:35:00,LSK,67.9
2023-05-30 14:05:00,LSK,67.55555555555556
2023-05-30 14:35:00,LSK,65.52631578947368
2023-05-30 15:05:00,LSK,65.84375
2023-05-30 15:35:00,LSK,65.9
2023-05-30 16:05:00,LSK,67.38095238095238
2023-05-30 16:30:00,LSK,67.83333333333333
2023-05-30 17:05:00,LSK,66.1
2023-05-30 17:35:00,LSK,65.16666666666667
2023-05-30 18:05:00,LSK,68.05
2023-05-30 18:35:00,LSK,64.92307692307692
2023-05-30 19:05:00,LSK,68.73684210526316
2023-05-30 19:35:00,LSK,65.84615384615384
2023-05-30 20:20:00,LSK,66
2023-05-30 20:35:00,LSK,68.95
2023-05-30 21:15:00,LSK,69.44444444444444
2023-05-30 21:35:00,LSK,66.53846153846153
2023-05-30 22:05:00,LSK,68.57142857142857
2023-05-30 22:35:00,LSK,67.21739130434783
2023-05-30 23:05:00,LSK,68.5
2023-05-30 23:30:00,LSK,68.9375
2023-05-31 00:05:00,LSK,69.36842105263158
2023-05-31 00:35:00,LSK,68.19047619047619
2023-05-31 01:00:00,LSK,68.83333333333333
2023-05-31 01:35:00,LSK,69.7
2023-05-31 02:05:00,LSK,68.38888888888889
2023-05-31 02:35:00,LSK,68.14285714285714
2023-05-31 03:00:00,LSK,68.30434782608695
2023-05-31 03:35:00,LSK,67.1
2023-05-31 04:05:00,LSK,68.19047619047619
2023-05-31 04:30:00,LSK,67.8695652173913
2023-05-31 05:00:00,LSK,68.56521739130434
2023-05-31 05:35:00,LSK,69.83333333333333
2023-05-31 06:05:00,LSK,68.26315789473684
2023-05-31 06:35:00,LSK,67.8
2023-05-31 07:00:00,LSK,68.0952380952381
2023-05-31 07:35:00,LSK,67.6
2023-05-31 08:05:00,LSK,66.74193548387096
2023-05-31 08:35:00,LSK,67
2023-05-31 09:00:00,LSK,67.22727272727273
2023-05-31 09:35:00,LSK,67.4
2023-05-31 10:00:00,LSK,65.54545454545455
2023-05-31 10:30:00,LSK,68.38888888888889
2023-05-31 11:05:00,LSK,68.3157894736842
2023-05-31 11:35:00,LSK,68.65
2023-05-31 12:00:00,LSK,68.47826086956522
2023-05-31 12:35:00,LSK,68.36842105263158
2023-05-31 13:00:00,LSK,68.43478260869566
2023-05-31 13:35:00,LSK,68.5
2023-05-31 14:05:00,LSK,67.2
2023-05-31 14:35:00,LSK,66.77777777777777
2023-05-31 15:00:00,LSK,68.47826086956522
2023-05-31 15:35:00,LSK,66.96774193548387
2023-05-31 16:00:00,LSK,67.52173913043478
2023-05-31 16:30:00,LSK,67.04545454545455
2023-05-31 17:00:00,LSK,67.6086956521739
2023-05-31 17:35:00,LSK,66.79310344827586
2023-05-31 18:00:00,LSK,67.12121212121212
2023-05-31 18:35:00,LSK,65.15384615384616
2023-05-31 19:10:00,LSK,65.14285714285714
2023-05-31 19:40:00,LSK,66.3157894736842
2023-05-31 20:15:00,LSK,73.75
2023-05-31 20:30:00,LSK,70.2
2023-05-31 21:05:00,LSK,68.78947368421052
2023-05-31 21:35:00,LSK,69.15789473684211
2023-05-31 22:15:00,LSK,71.1875
2023-05-31 22:45:00,LSK,69
2023-05-31 23:05:00,LSK,70.10526315789474
2023-05-31 23:30:00,LSK,69.78260869565217
2023-06-01 00:05:00,LSK,68.5
2023-06-01 00:35:00,LSK,69
2023-06-01 01:00:00,LSK,68.43478260869566
2023-06-01 01:35:00,LSK,69.3157894736842
2023-06-01 02:05:00,LSK,68.84210526315789
2023-06-01 02:35:00,LSK,68.5
2023-06-01 03:00:00,LSK,67.95238095238095
2023-06-01 03:40:00,LSK,67.1842105263158
2023-06-01 04:00:00,LSK,69
2023-06-01 04:30:00,LSK,68.27272727272727
2023-06-01 05:05:00,LSK,69.3529411764706
2023-06-01 05:35:00,LSK,68.65
2023-06-01 06:05:00,LSK,68.75
2023-06-01 06:30:00,LSK,68.54545454545455
2023-06-01 07:00:00,LSK,67.51515151515152
2023-06-01 07:35:00,LSK,68.21052631578948
2023-06-01 08:05:00,LSK,64.25
2023-06-01 08:35:00,LSK,67.46666666666667
2023-06-01 09:00:00,LSK,68.21739130434783
2023-06-01 09:35:00,LSK,65.9
2023-06-01 10:00:00,LSK,67.52173913043478
2023-06-01 10:30:00,LSK,67.38888888888889
2023-06-01 11:00:00,LSK,67.56521739130434
2023-06-01 11:35:00,LSK,66.3
2023-06-01 12:00:00,LSK,67.04761904761905
2023-06-01 12:35:00,LSK,66.6842105263158
2023-06-01 13:05:00,LSK,66.6842105263158
2023-06-01 13:30:00,LSK,66.0909090909091
2023-06-01 14:05:00,LSK,66
2023-06-01 14:35:00,LSK,67.52631578947368
2023-06-01 15:00:00,LSK,67.5
2023-06-01 15:35:00,LSK,66.7
2023-06-01 16:00:00,LSK,66.6086956521739
2023-06-01 16:35:00,LSK,66.66666666666667
2023-06-01 17:05:00,LSK,66.55555555555556
2023-06-01 17:35:00,LSK,65.63333333333334
2023-06-01 18:05:00,LSK,66.12903225806451
2023-06-01 18:30:00,LSK,65.32
2023-06-01 19:00:00,LSK,68.85
2023-06-01 19:35:00,LSK,68.27272727272727
2023-06-01 20:00:00,LSK,67.85714285714286
2023-06-01 21:20:00,LSK,68.16666666666667
2023-06-01 21:50:00,LSK,68.63636363636364
2023-06-01 22:00:00,LSK,69.14285714285714
2023-06-01 22:35:00,LSK,68.0909090909091
2023-06-01 23:00:00,LSK,68.2
2023-06-01 23:30:00,LSK,69.15789473684211
2023-06-02 00:05:00,LSK,68.17241379310344
2023-06-02 00:30:00,LSK,70
2023-06-02 01:00:00,LSK,70.18181818181819
2023-06-02 01:35:00,LSK,69.61904761904762
2023-06-02 02:00:00,LSK,71.36585365853658
2023-06-02 02:30:00,LSK,71.3125
2023-06-02 03:05:00,LSK,70.79310344827586
2023-06-02 03:30:00,LSK,71.8125
2023-06-02 04:05:00,LSK,71.47619047619048
2023-06-02 04:30:00,LSK,72.20833333333333
2023-06-02 05:05:00,LSK,73.06666666666666
2023-06-02 05:35:00,LSK,72.7741935483871
2023-06-02 06:05:00,LSK,72.1
2023-06-02 06:35:00,LSK,70.53846153846153
2023-06-02 07:00:00,LSK,70.47058823529412
2023-06-02 07:30:00,LSK,70.03030303030303
2023-06-02 08:10:00,LSK,67.33333333333333
2023-06-02 08:30:00,LSK,68.38095238095238
2023-06-02 09:15:00,LSK,67.23076923076923
2023-06-02 09:30:00,LSK,68.41666666666667
2023-06-02 10:00:00,LSK,66.53846153846153
2023-06-02 10:35:00,LSK,66.28125
2023-06-02 11:10:00,LSK,66.1025641025641
2023-06-02 11:35:00,LSK,65.9
2023-06-02 12:15:00,LSK,67
2023-06-02 12:30:00,LSK,66.79166666666667
2023-06-02 13:05:00,LSK,66.05263157894737
2023-06-02 13:35:00,LSK,66.28571428571429
2023-06-02 14:10:00,LSK,65.16666666666667
2023-06-02 14:35:00,LSK,67.25
2023-06-02 15:05:00,LSK,66.33333333333333
2023-06-02 15:30:00,LSK,65.86363636363636
2023-06-02 16:05:00,LSK,65.70967741935483
2023-06-02 16:35:00,LSK,66.0952380952381
2023-06-02 17:05:00,LSK,65.34482758620689
2023-06-02 17:35:00,LSK,65.48780487804878
2023-06-02 18:05:00,LSK,66.025
2023-06-02 18:30:00,LSK,67.91666666666667
2023-06-02 19:00:00,LSK,68.1304347826087
2023-06-02 19:40:00,LSK,67.04761904761905
2023-06-02 20:05:00,LSK,66.42857142857143
2023-06-02 20:45:00,LSK,72.11111111111111
2023-06-02 21:10:00,LSK,67.63157894736842
2023-06-02 21:50:00,LSK,67.54545454545455
2023-06-02 22:15:00,LSK,69.25
2023-06-02 22:30:00,LSK,68.6
2023-06-02 23:05:00,LSK,66.92857142857143
2023-06-02 23:35:00,LSK,66.93333333333334
2023-06-03 00:05:00,LSK,67
2023-06-03 00:35:00,LSK,69.71875
2023-06-03 01:10:00,LSK,69.4054054054054
2023-06-03 01:35:00,LSK,68.95652173913044
2023-06-03 02:00:00,LSK,68.13636363636364
2023-06-03 02:30:00,LSK,67.55555555555556
2023-06-03 03:05:00,LSK,70.19047619047619
2023-06-03 03:40:00,LSK,68.82142857142857
2023-06-03 04:05:00,LSK,68.6774193548387
2023-06-03 04:30:00,LSK,67.69767441860465
2023-06-03 05:00:00,LSK,68.37142857142857
2023-06-03 05:30:00,LSK,68.70588235294117
2023-06-03 06:00:00,LSK,68.58823529411765
2023-06-03 06:35:00,LSK,68.5909090909091
2023-06-03 07:05:00,LSK,68.38709677419355
2023-06-03 07:35:00,LSK,67.04545454545455
2023-06-03 08:00:00,LSK,68.28571428571429
2023-06-03 08:50:00,LSK,65.05
2023-06-03 09:10:00,LSK,65.97368421052632
2023-06-03 09:35:00,LSK,67.23333333333333
2023-06-03 10:05:00,LSK,66.61904761904762
2023-06-03 10:30:00,LSK,67.4186046511628
2023-06-03 11:10:00,LSK,67.05714285714286
2023-06-03 11:30:00,LSK,66.4888888888889
2023-06-03 12:00:00,LSK,66.43478260869566
2023-06-03 12:30:00,LSK,65.1470588235294
2023-06-03 13:05:00,LSK,66.72727272727273
2023-06-03 13:30:00,LSK,66.04
2023-06-03 14:05:00,LSK,66.36363636363636
2023-06-03 14:30:00,LSK,65.94285714285714
2023-06-03 15:00:00,LSK,66.1304347826087
2023-06-03 15:35:00,LSK,66.6
2023-06-03 16:00:00,LSK,66.35555555555555
2023-06-03 16:35:00,LSK,66.325
2023-06-03 17:05:00,LSK,66.2
2023-06-03 17:30:00,LSK,66.07142857142857
2023-06-03 18:05:00,LSK,65.46666666666667
2023-06-03 18:50:00,LSK,64.9
2023-06-03 19:10:00,LSK,63.7
2023-06-03 19:30:00,LSK,68.38461538461539
2023-06-03 20:15:00,LSK,71.11111111111111
2023-06-03 20:45:00,LSK,69.77777777777777
2023-06-03 21:10:00,LSK,63.36363636363637
2023-06-03 21:30:00,LSK,65.21212121212122
2023-06-03 22:05:00,LSK,68.71428571428571
2023-06-03 22:35:00,LSK,68.65
2023-06-03 23:05:00,LSK,66.18181818181819
2023-06-03 23:30:00,LSK,68.71428571428571
2023-06-04 00:05:00,LSK,67.86666666666666
2023-06-04 00:30:00,LSK,68.375
2023-06-04 01:00:00,LSK,68.95652173913044
2023-06-04 01:30:00,LSK,67.24
2023-06-04 02:05:00,LSK,69.45
2023-06-04 02:30:00,LSK,68.52
2023-06-04 03:00:00,LSK,67.08823529411765
2023-06-04 03:44:00,LSK,67.8
2023-06-04 04:05:00,LSK,68.16666666666667
2023-06-04 04:30:00,LSK,68.21052631578948
2023-06-04 05:05:00,LSK,70.05263157894737
2023-06-04 05:30:00,LSK,67.2
2023-06-04 06:05:00,LSK,67.83870967741936
2023-06-04 06:30:00,LSK,66.79545454545455
2023-06-04 07:05:00,LSK,67.6
2023-06-04 07:35:00,LSK,67.46153846153847
2023-06-04 08:05:00,LSK,65.34782608695652
2023-06-04 08:55:00,LSK,66.11111111111111
2023-06-04 09:05:00,LSK,68.84210526315789
2023-06-04 09:30:00,LSK,65.23809523809524
2023-06-04 10:00:00,LSK,65.4090909090909
2023-06-04 10:30:00,LSK,65.76744186046511
2023-06-04 11:00:00,LSK,65.54545454545455
2023-06-04 11:30:00,LSK,65.35555555555555
2023-06-04 12:00:00,LSK,67.20833333333333
2023-06-04 12:30:00,LSK,64.76190476190476
2023-06-04 13:00:00,LSK,66.11428571428571
2023-06-04 13:35:00,LSK,64.74358974358974
2023-06-04 14:05:00,LSK,65.36666666666666
2023-06-04 14:30:00,LSK,65.72
2023-06-04 15:00:00,LSK,65.67647058823529
2023-06-04 15:30:00,LSK,65
2023-06-04 16:05:00,LSK,65.62068965517241
2023-06-04 16:30:00,LSK,65.95238095238095
2023-06-04 17:00:00,LSK,67.1304347826087
2023-06-04 17:35:00,LSK,65.625
2023-06-04 18:05:00,LSK,66.33333333333333
2023-06-04 18:40:00,LSK,63.65
2023-06-04 19:05:00,LSK,67.58333333333333
2023-06-04 19:30:00,LSK,66.33333333333333
2023-06-04 20:05:00,LSK,63
2023-06-04 20:30:00,LSK,68.5
2023-06-04 21:00:00,LSK,64.8125
2023-06-04 21:35:00,LSK,64.14285714285714
2023-06-04 22:00:00,LSK,66.63636363636364
2023-06-04 22:30:00,LSK,66.38709677419355
2023-06-04 23:05:00,LSK,67.86666666666666
2023-06-04 23:40:00,LSK,68
2023-06-05 00:10:00,LSK,67.14285714285714
2023-06-05 00:35:00,LSK,67.125
2023-06-05 01:05:00,LSK,68.43333333333334
2023-06-05 01:30:00,LSK,66.04347826086956
2023-06-05 02:00:00,LSK,66.92307692307692
2023-06-05 02:30:00,LSK,64.94444444444444
2023-06-05 03:00:00,LSK,66.69047619047619
2023-06-05 03:40:00,LSK,67.6923076923077
2023-06-05 04:10:00,LSK,66.77272727272727
2023-06-05 04:30:00,LSK,68
2023-06-05 05:00:00,LSK,67.18604651162791
2023-06-05 05:35:00,LSK,70.42105263157895
2023-06-05 06:05:00,LSK,67.85365853658537
2023-06-05 06:30:00,LSK,67.56818181818181
2023-06-05 07:00:00,LSK,67.06666666666666
2023-06-05 07:30:00,LSK,69
2023-06-05 08:05:00,LSK,64.38709677419355
2023-06-05 08:40:00,LSK,63.63636363636363
2023-06-05 09:00:00,LSK,63.72093023255814
2023-06-05 09:30:00,LSK,64.61290322580645
2023-06-05 10:10:00,LSK,64.16216216216216
2023-06-05 10:30:00,LSK,64.74074074074075
2023-06-05 11:00:00,LSK,64.82608695652173
2023-06-05 11:35:00,LSK,62.92307692307692
2023-07-18 00:00:00,LSK,67.47620666666663
2023-07-19 00:00:00,LSK,66.69419555555555
2023-07-20 00:00:00,LSK,66.39961555555556
2023-07-21 00:00:00,LSK,65.71425111111111
2023-07-22 00:00:00,LSK,65.82495777777778
2023-07-23 00:00:00,LSK,66.53818888888888
2023-07-24 00:00:00,LSK,65.02618444444444
2023-07-25 00:00:00,LSK,63.46209999999999
2023-07-26 00:00:00,LSK,64.16072444444445
2023-07-27 00:00:00,LSK,64.34651333333332
2023-07-28 00:00:00,LSK,64.71592
2023-07-29 00:00:00,LSK,67.05940666666662
2023-07-30 00:00:00,LSK,67.55320444444443
2023-07-31 00:00:00,LSK,65.54023777777778
2023-08-01 00:00:00,LSK,65.10470000000001
2023-08-02 00:00:00,LSK,64.19625999999998
2023-08-03 00:00:00,LSK,64.48177777777778
2023-08-04 00:00:00,LSK,66.81526444444445
2023-08-05 00:00:00,LSK,68.60146
2023-08-06 00:00:00,LSK,69.05881111111111
2023-08-07 00:00:00,LSK,66.00268444444444
2023-08-08 00:00:00,LSK,65.72208666666667
2023-08-09 00:00:00,LSK,65.72015555555556
2023-08-10 00:00:00,LSK,67.41111333333335
2023-08-11 00:00:00,LSK,67.72462000000002
2023-08-12 00:00:00,LSK,68.22428444444446
2023-08-13 00:00:00,LSK,69.70394222222222
2023-08-14 00:00:00,LSK,66.93535111111113
2023-08-15 00:00:00,LSK,65.2184088888889
2023-08-16 00:00:00,LSK,66.68860000000001
2023-08-17 00:00:00,LSK,67.40732000000001
2023-08-18 00:00:00,LSK,68.10110666666667
2023-08-19 00:00:00,LSK,67.27262666666664
2023-08-20 00:00:00,LSK,67.56903333333331
2023-08-21 00:00:00,LSK,66.3318088888889
2023-08-22 00:00:00,LSK,66.0944511111111
2023-08-23 00:00:00,LSK,66.31657111111112
2023-08-24 00:00:00,LSK,66.69998
2023-08-25 00:00:00,LSK,66.50960444444443
2023-08-26 00:00:00,LSK,66.81927777777778
2023-08-27 00:00:00,LSK,67.36612444444447
2023-08-28 00:00:00,LSK,67.71479777777776
2023-08-29 00:00:00,LSK,67.42363333333334
2023-08-30 00:00:00,LSK,66.25297111111111
2023-08-31 00:00:00,LSK,65.96171999999999
2023-09-01 00:00:00,LSK,68.42263111111112
2023-09-02 00:00:00,LSK,71.60078
2023-09-03 00:00:00,LSK,71.66318222222223
2023-09-04 00:00:00,LSK,64.82180666666667
2023-09-05 00:00:00,LSK,65.14661333333332
2023-09-06 00:00:00,LSK,65.54063111111111
2023-09-07 00:00:00,LSK,65.97972000000001
2023-09-11 00:00:00,LSK,67.81806444444443
2023-09-12 00:00:00,LSK,68.4334444444444
2023-09-13 00:00:00,LSK,67.92257333333333
2023-09-14 00:00:00,LSK,68.0245977777778
2023-09-15 00:00:00,LSK,67.57079333333333
2023-09-16 00:00:00,LSK,70.21083555555558
2023-09-17 00:00:00,LSK,79.30602222222224
2023-09-18 00:00:00,LSK,67.70879111111113
2023-09-19 00:00:00,LSK,66.01230000000001
2023-09-20 00:00:00,LSK,65.61222666666666
2023-09-21 00:00:00,LSK,65.82823777777777
2023-09-22 00:00:00,LSK,65.54782444444444
2023-09-23 00:00:00,LSK,65.96336666666667
2023-09-24 00:00:00,LSK,67.59643555555554
2023-09-25 00:00:00,LSK,66.05476000000002
2023-09-26 00:00:00,LSK,66.45478222222224
2023-09-27 00:00:00,LSK,65.99041111111111
2023-09-28 00:00:00,LSK,65.64415111111113
2023-09-29 00:00:00,LSK,66.29792666666665
2023-09-30 00:00:00,LSK,65.2911511111111
2023-10-01 00:00:00,LSK,66.3313177777778
2023-10-02 00:00:00,LSK,65.60762444444444
2023-10-03 00:00:00,LSK,63.81669111111111
2023-10-05 00:00:00,LSK,64.08367999999999
2023-10-06 00:00:00,LSK,64.17326666666666
2023-10-07 00:00:00,LSK,66.66544666666667
2023-10-08 00:00:00,LSK,69.97297555555556
2023-10-09 00:00:00,LSK,71.38384888888886
2023-10-10 00:00:00,LSK,68.56034000000001
2023-10-11 00:00:00,LSK,68.06554222222222
2023-10-12 00:00:00,LSK,67.45457555555556
2023-10-13 00:00:00,LSK,66.76238444444448
2023-10-14 00:00:00,LSK,66.01506666666664
2023-10-15 00:00:00,LSK,66.54479999999997
2023-10-16 00:00:00,LSK,66.12339777777775
2023-10-17 00:00:00,LSK,64.3126911111111
2023-10-18 00:00:00,LSK,67.34501333333334
2023-10-24 00:00:00,LSK,66.26866888888885
2023-10-25 00:00:00,LSK,66.36730222222221
2023-10-26 00:00:00,LSK,65.12252000000001
2023-10-27 00:00:00,LSK,66.98341363636365
2023-10-28 00:00:00,LSK,68.30434772727274
2023-10-29 00:00:00,LSK,68.54836590909093
2023-10-30 00:00:00,LSK,66.44731136363635
2023-10-31 00:00:00,LSK,65.62768181818181
2023-11-01 00:00:00,LSK,65.10692499999999
2023-11-02 00:00:00,LSK,65.96436363636361
2023-11-03 00:00:00,LSK,66.69463181818185
2023-11-04 00:00:00,LSK,67.20678181818184
2023-11-05 00:00:00,LSK,66.25763409090906
2023-11-06 00:00:00,LSK,64.39009318181819
2023-11-07 00:00:00,LSK,64.12128863636364
2023-11-08 00:00:00,LSK,67.46789545454546
2023-11-09 00:00:00,LSK,67.87344772727275
2023-11-10 00:00:00,LSK,68.57885909090912
2023-11-11 00:00:00,LSK,70.8091
2023-11-12 00:00:00,LSK,69.28735454545455
2023-11-13 00:00:00,LSK,62.60856590909091
2023-11-14 00:00:00,LSK,61.15447045454544
2023-11-15 00:00:00,LSK,63.52467727272729
2023-11-16 00:00:00,LSK,62.23949090909091
2023-11-17 00:00:00,LSK,44.00388181818182
2023-11-18 00:00:00,LSK,42.162068181818185
2023-11-19 00:00:00,LSK,49.91695909090908
2023-11-20 00:00:00,LSK,56.2709318181818
2023-11-21 00:00:00,LSK,59.96908863636365
2023-11-22 00:00:00,LSK,63.05524545454546
2023-11-23 00:00:00,LSK,64.58164772727274
2023-11-24 00:00:00,LSK,63.675886363636344
2023-11-25 00:00:00,LSK,61.91988409090909
2023-11-26 00:00:00,LSK,61.71771136363637
2023-11-27 00:00:00,LSK,61.49904318181819
2023-11-28 00:00:00,LSK,60.927343181818166
2023-11-29 00:00:00,LSK,64.11757954545457
2023-11-30 00:00:00,LSK,66.04086590909093
2023-12-01 00:00:00,LSK,62.81257954545456
2023-12-02 00:00:00,LSK,59.46266590909091
2023-12-03 00:00:00,LSK,61.4966659090909
2023-12-04 00:00:00,LSK,64.30026363636365
2023-12-05 00:00:00,LSK,65.05250681818183
2023-12-06 00:00:00,LSK,63.74931818181817
2023-12-07 00:00:00,LSK,49.29490454545455
2023-12-08 00:00:00,LSK,56.99495000000001
2023-12-09 00:00:00,LSK,65.81346136363638
2023-12-10 00:00:00,LSK,68.28384545454547
2023-12-11 00:00:00,LSK,68.47324772727274
2023-12-12 00:00:00,LSK,67.86212727272729
2023-12-13 00:00:00,LSK,68.5770090909091
2023-12-14 00:00:00,LSK,68.94886818181818
2023-12-15 00:00:00,LSK,68.48677045454545
2023-12-16 00:00:00,LSK,57.49728863636363
2023-12-17 00:00:00,LSK,51.93414772727272
2023-12-18 00:00:00,LSK,59.09925000000001
2023-12-19 00:00:00,LSK,58.984113636363624
2023-12-20 00:00:00,LSK,48.97607045454545
2023-12-21 00:00:00,LSK,45.41942727272727
2023-12-22 00:00:00,LSK,40.61238863636363
2023-12-23 00:00:00,LSK,41.64044090909091
2023-12-24 00:00:00,LSK,42.662220454545455
2023-12-25 00:00:00,LSK,42.84548181818182
2023-12-26 00:00:00,LSK,48.84710681818182
2023-12-27 00:00:00,LSK,52.212163636363634
2023-12-28 00:00:00,LSK,61.26840454545456
2023-12-29 00:00:00,LSK,65.53805454545456
2023-12-30 00:00:00,LSK,64.25307045454547
2023-12-31 00:00:00,LSK,64.62372954545455
2024-01-01 00:00:00,LSK,64.64963863636363
2024-01-02 00:00:00,LSK,63.52168863636364
2024-01-03 00:00:00,LSK,56.56706590909091
2024-01-04 00:00:00,LSK,54.64377045454544
2024-01-05 00:00:00,LSK,60.788618181818194
2024-01-06 00:00:00,LSK,63.8822659090909
2024-01-07 00:00:00,LSK,64.09104090909092
2024-01-08 00:00:00,LSK,62.84010000000001
2024-01-09 00:00:00,LSK,65.06641590909088
2024-01-10 00:00:00,LSK,61.93085227272727
2024-01-11 00:00:00,LSK,58.99587045454546
2024-01-12 00:00:00,LSK,60.946384090909085
2024-01-13 00:00:00,LSK,55.27809545454545
2024-01-14 00:00:00,LSK,53.15386818181818
2024-01-15 00:00:00,LSK,60.406263636363626
2024-01-16 00:00:00,LSK,61.78096818181817
2024-01-17 00:00:00,LSK,61.93249545454548
2024-01-18 00:00:00,LSK,64.87722045454544
2024-01-19 00:00:00,LSK,65.81255
2024-01-20 00:00:00,LSK,67.47040909090911
2024-01-21 00:00:00,LSK,60.24073636363637
2024-01-22 00:00:00,LSK,53.644200000000005
2024-01-23 00:00:00,LSK,42.731372727272735
2024-01-24 00:00:00,LSK,39.64702727272727
2024-01-25 00:00:00,LSK,41.43982045454545
2024-01-26 00:00:00,LSK,48.48463863636364
2024-01-27 00:00:00,LSK,51.47907272727272
2024-01-28 00:00:00,LSK,58.2229340909091
2024-01-29 00:00:00,LSK,63.85057272727274
2024-01-30 00:00:00,LSK,72.24099999999997
2024-01-31 00:00:00,LSK,76.14786363636364
2024-02-01 00:00:00,LSK,75.85217954545456
2024-02-02 00:00:00,LSK,76.42525
2024-02-03 00:00:00,LSK,73.47377499999999
2024-02-04 00:00:00,LSK,72.24068181818183
2024-02-05 00:00:00,LSK,72.05803409090912
2024-02-06 00:00:00,LSK,70.65330454545455
2024-02-07 00:00:00,LSK,68.43043863636363
2024-02-08 00:00:00,LSK,60.94547499999999
2024-02-09 00:00:00,LSK,53.84443409090908
2024-02-10 00:00:00,LSK,53.885538636363634
2024-02-15 00:00:00,LSK,64.89332045454547
2024-02-16 00:00:00,LSK,64.30845909090908
2024-02-21 00:00:00,LSK,70.07345227272728
2024-02-22 00:00:00,LSK,71.49722272727273
2024-02-23 00:00:00,LSK,69.51417727272725
2024-02-24 00:00:00,LSK,64.3007613636364
2024-02-26 00:00:00,LSK,62.05284090909092
2024-02-27 00:00:00,LSK,58.86123863636363
2024-02-28 00:00:00,LSK,67.28218636363636
2024-02-29 00:00:00,LSK,68.13223181818182
2024-03-01 00:00:00,LSK,61.714285714285715
2024-03-01 01:00:00,LSK,62.1
2024-03-01 02:00:00,LSK,59.642857142857146
2024-03-01 03:00:00,LSK,59.64705882352941
2024-03-01 04:00:00,LSK,60.32692307692308
2024-03-01 05:00:00,LSK,60.638888888888886
2024-03-01 06:00:00,LSK,58.895348837209305
2024-03-01 07:00:00,LSK,58.69230769230769
2024-03-01 08:00:00,LSK,56.425925925925924
2024-03-01 09:00:00,LSK,55.34782608695652
2024-03-01 10:00:00,LSK,54.31578947368421
2024-03-01 11:00:00,LSK,54.583333333333336
2024-03-01 12:00:00,LSK,54.43333333333333
2024-03-01 13:00:00,LSK,52.84615384615385
2024-03-01 14:00:00,LSK,53.4
2024-03-01 15:00:00,LSK,52.57142857142857
2024-03-01 16:00:00,LSK,52.94736842105263
2024-03-01 17:00:00,LSK,52.333333333333336
2024-03-01 18:00:00,LSK,51.8125
2024-03-01 19:00:00,LSK,52.583333333333336
2024-03-04 20:00:00,LSK,73.69736842105263
2024-03-04 21:00:00,LSK,73.77777777777777
2024-03-04 22:00:00,LSK,75.53333333333333
2024-03-04 23:00:00,LSK,73.3
2024-03-05 00:00:00,LSK,73.2159090909091
2024-03-05 01:00:00,LSK,73
2024-03-05 02:00:00,LSK,72.85185185185185
2024-03-05 03:00:00,LSK,73.18518518518519
2024-03-05 04:00:00,LSK,72.2
2024-03-05 05:00:00,LSK,73.5
2024-03-05 06:00:00,LSK,71.97142857142858
2024-03-05 07:00:00,LSK,72.03703703703704
2024-03-05 08:00:00,LSK,74.16666666666667
2024-03-05 09:00:00,LSK,74.73611111111111
2024-03-05 10:00:00,LSK,74.91666666666667
2024-03-05 11:00:00,LSK,73.98148148148148
2024-03-05 12:00:00,LSK,73.95833333333333
2024-03-05 13:00:00,LSK,75.13157894736842
2024-03-05 14:00:00,LSK,75.1842105263158
2024-03-05 15:00:00,LSK,75.07894736842105
2024-03-05 16:00:00,LSK,74.31481481481481
2024-03-05 17:00:00,LSK,75.31818181818181
2024-03-05 18:00:00,LSK,73.52564102564102
2024-03-05 19:00:00,LSK,76.10526315789474
2024-03-05 20:00:00,LSK,74.15384615384616
2024-03-05 21:00:00,LSK,73.52173913043478
2024-03-05 22:00:00,LSK,75.01612903225806
2024-03-05 23:00:00,LSK,73.36
2024-03-06 00:00:00,LSK,74.28571428571429
2024-03-06 01:00:00,LSK,73.91176470588235
2024-03-06 02:00:00,LSK,73.97222222222223
2024-03-06 03:00:00,LSK,73.77941176470588
2024-03-06 04:00:00,LSK,74.63157894736842
2024-03-06 05:00:00,LSK,73.66666666666667
2024-03-06 06:00:00,LSK,73.3
2024-03-06 07:00:00,LSK,74.28947368421052
2024-03-06 08:00:00,LSK,73.64814814814815
2024-03-06 09:00:00,LSK,73.72058823529412
2024-03-06 10:00:00,LSK,75.1923076923077
2024-03-06 11:00:00,LSK,75.07407407407408
2024-03-06 12:00:00,LSK,73.55681818181819
2024-03-06 13:00:00,LSK,73.9074074074074
2024-03-06 14:00:00,LSK,73.75
2024-03-06 15:00:00,LSK,73.56944444444444
2024-03-06 16:00:00,LSK,73.07407407407408
2024-03-06 17:00:00,LSK,73.02941176470588
2024-03-06 18:00:00,LSK,73.26785714285714
2024-03-06 19:00:00,LSK,74.15
2024-03-06 20:00:00,LSK,71.41666666666667
2024-03-06 21:00:00,LSK,70.62
2024-03-06 22:00:00,LSK,71.32758620689656
2024-03-06 23:00:00,LSK,70
2024-03-07 00:00:00,LSK,71.08823529411765
2024-03-07 01:00:00,LSK,69.5
2024-03-07 02:00:00,LSK,70
2024-03-07 03:00:00,LSK,69.26744186046511
2024-03-07 04:00:00,LSK,68.9
2024-03-07 05:00:00,LSK,69.55555555555556
2024-03-07 06:00:00,LSK,68.44444444444444
2024-03-07 07:00:00,LSK,68.90384615384616
2024-03-07 08:00:00,LSK,67.39285714285714
2024-03-07 09:00:00,LSK,64.66666666666667
2024-03-07 10:00:00,LSK,64.20689655172414
2024-03-07 11:00:00,LSK,63.2962962962963
2024-03-07 12:00:00,LSK,64.04761904761905
2024-03-07 13:00:00,LSK,62.90277777777778
2024-03-07 14:00:00,LSK,62.76136363636363
2024-03-07 15:00:00,LSK,62.285714285714285
2024-03-07 16:00:00,LSK,62.45
2024-03-07 17:00:00,LSK,61.19444444444444
2024-03-07 18:00:00,LSK,59.883720930232556
2024-03-07 19:00:00,LSK,60.54761904761905
2024-03-07 20:00:00,LSK,59.25
2024-03-07 21:00:00,LSK,60.23076923076923
2024-03-07 22:00:00,LSK,59.411764705882355
2024-03-07 23:00:00,LSK,60.910714285714285
2024-03-08 00:00:00,LSK,60.926829268292686
2024-03-08 01:00:00,LSK,60.9264705882353
2024-03-08 02:00:00,LSK,61.1551724137931
2024-03-08 03:00:00,LSK,61.535714285714285
2024-03-08 04:00:00,LSK,61.339285714285715
2024-03-08 05:00:00,LSK,61.38095238095238
2024-03-08 06:00:00,LSK,60.041666666666664
2024-03-08 07:00:00,LSK,60.625
2024-03-08 08:00:00,LSK,59.18518518518518
2024-03-08 09:00:00,LSK,56.885714285714286
2024-03-08 10:00:00,LSK,55.73255813953488
2024-03-08 11:00:00,LSK,56.5
2024-03-08 12:00:00,LSK,55.411764705882355
2024-03-08 13:00:00,LSK,56.224137931034484
2024-03-08 14:00:00,LSK,57.172413793103445
2024-03-08 15:00:00,LSK,58.595238095238095
2024-03-08 16:00:00,LSK,59.22222222222222
2024-03-08 17:00:00,LSK,59.44117647058823
2024-03-08 18:00:00,LSK,59.625
2024-03-08 19:00:00,LSK,60.25
2024-03-08 20:00:00,LSK,59.58695652173913
2024-03-08 21:00:00,LSK,59.869565217391305
2024-03-08 22:00:00,LSK,60
2024-03-08 23:00:00,LSK,60.03333333333333
2024-03-09 00:00:00,LSK,60.58571428571429
2024-03-09 01:00:00,LSK,60.68571428571428
2024-03-09 02:00:00,LSK,60.93055555555556
2024-03-09 03:00:00,LSK,60.916666666666664
2024-03-09 04:00:00,LSK,60.96551724137931
2024-03-09 05:00:00,LSK,60.92857142857143
2024-03-09 06:00:00,LSK,60.870370370370374
2024-03-09 07:00:00,LSK,60.51428571428571
2024-03-09 08:00:00,LSK,61
2024-03-09 09:00:00,LSK,60.31944444444444
2024-03-09 10:00:00,LSK,59.27272727272727
2024-03-09 11:00:00,LSK,58.57142857142857
2024-03-09 12:00:00,LSK,57.892857142857146
2024-03-09 13:00:00,LSK,57.416666666666664
2024-03-09 14:00:00,LSK,57.172413793103445
2024-03-09 15:00:00,LSK,57.54545454545455
2024-03-09 16:00:00,LSK,57.05172413793103
2024-03-09 17:00:00,LSK,57.11666666666667
2024-03-09 18:00:00,LSK,56.921052631578945
2024-03-09 19:00:00,LSK,57.475
2024-03-09 20:00:00,LSK,56.5
2024-03-09 21:00:00,LSK,56.78125
2024-03-09 22:00:00,LSK,59.22222222222222
2024-03-09 23:00:00,LSK,59.089285714285715
2024-03-10 00:00:00,LSK,58.93333333333333
2024-03-10 01:00:00,LSK,59.59090909090909
2024-03-10 02:00:00,LSK,59.53333333333333
2024-03-10 03:00:00,LSK,60.09090909090909
2024-03-10 04:00:00,LSK,60.02272727272727
2024-03-10 05:00:00,LSK,60.06818181818182
2024-03-10 06:00:00,LSK,59.07142857142857
2024-03-10 07:00:00,LSK,59.96551724137931
2024-03-10 08:00:00,LSK,60.34090909090909
2024-03-10 09:00:00,LSK,60.857142857142854
2024-03-10 10:00:00,LSK,61.017857142857146
2024-03-10 11:00:00,LSK,60.7962962962963
2024-03-10 12:00:00,LSK,61.03448275862069
2024-03-10 13:00:00,LSK,61.642857142857146
2024-03-10 14:00:00,LSK,61.857142857142854
2024-03-10 15:00:00,LSK,61.904761904761905
2024-03-10 16:00:00,LSK,62.142857142857146
2024-03-10 17:00:00,LSK,62.30952380952381
2024-03-10 18:00:00,LSK,62.476190476190474
2024-03-10 19:00:00,LSK,62.51724137931034
2024-03-10 20:00:00,LSK,62
2024-03-10 21:00:00,LSK,62.84615384615385
2024-03-10 22:00:00,LSK,61.71666666666667
2024-03-10 23:00:00,LSK,61.39655172413793
2024-03-11 00:00:00,LSK,62.724137931034484
2024-03-11 01:00:00,LSK,63
2024-03-11 02:00:00,LSK,63.07142857142857
2024-03-11 03:00:00,LSK,63.142857142857146
2024-03-11 04:00:00,LSK,63.19047619047619
2024-03-11 05:00:00,LSK,63.30952380952381
2024-03-11 06:00:00,LSK,63.54761904761905
2024-03-11 07:00:00,LSK,63.88333333333333
2024-03-11 08:00:00,LSK,65.57142857142857
2024-03-11 09:00:00,LSK,66.875
2024-03-11 10:00:00,LSK,67.77777777777777
2024-03-11 11:00:00,LSK,67.03703703703704
2024-03-11 12:00:00,LSK,67.46296296296296
2024-03-11 13:00:00,LSK,68.75
2024-03-11 14:00:00,LSK,69.89473684210526
2024-03-11 15:00:00,LSK,70.16666666666667
2024-03-11 16:00:00,LSK,70.625
2024-03-11 17:00:00,LSK,70.01785714285714
2024-03-11 18:00:00,LSK,69
2024-03-11 19:00:00,LSK,69.75
2024-03-11 20:00:00,LSK,68.74285714285715
2024-03-11 21:00:00,LSK,68.10810810810811
2024-03-11 22:00:00,LSK,67.875
2024-03-11 23:00:00,LSK,67.625
2024-03-12 00:00:00,LSK,67.14285714285714
2024-03-12 01:00:00,LSK,67.5
2024-03-12 02:00:00,LSK,67.25
2024-03-12 03:00:00,LSK,66.94736842105263
2024-03-12 04:00:00,LSK,66.4
2024-03-12 05:00:00,LSK,66.05
2024-03-12 06:00:00,LSK,65.7
2024-03-12 07:00:00,LSK,64.86538461538461
2024-03-12 08:00:00,LSK,63
2024-03-12 09:00:00,LSK,60.907407407407405
2024-03-12 10:00:00,LSK,59.407407407407405
2024-03-12 11:00:00,LSK,58.111111111111114
2024-03-12 12:00:00,LSK,57.875
2024-03-12 13:00:00,LSK,57.129629629629626
2024-03-12 14:00:00,LSK,57.525
2024-03-12 15:00:00,LSK,58.325
2024-03-12 16:00:00,LSK,57.8
2024-03-12 17:00:00,LSK,58.875
2024-03-12 18:00:00,LSK,59.30555555555556
2024-03-12 19:00:00,LSK,59.94285714285714
2024-03-12 20:00:00,LSK,60.857142857142854
2024-03-12 21:00:00,LSK,61.30555555555556
2024-03-12 22:00:00,LSK,60.36206896551724
2024-03-12 23:00:00,LSK,60.04545454545455
2024-03-13 00:00:00,LSK,58.796875
2024-03-13 01:00:00,LSK,60.03703703703704
2024-03-13 02:00:00,LSK,60.225
2024-03-13 03:00:00,LSK,59.333333333333336
2024-03-13 04:00:00,LSK,59.96296296296296
2024-03-13 05:00:00,LSK,60.05
2024-03-13 06:00:00,LSK,59.851851851851855
2024-03-13 07:00:00,LSK,59.357142857142854
2024-03-13 08:00:00,LSK,58.575
2024-03-13 09:00:00,LSK,57.370370370370374
2024-03-13 10:00:00,LSK,56.267857142857146
2024-03-13 11:00:00,LSK,54.833333333333336
2024-03-13 12:00:00,LSK,57.31481481481482
2024-03-13 13:00:00,LSK,60.05263157894737
2024-03-13 14:00:00,LSK,61.1
2024-03-13 15:00:00,LSK,61.44444444444444
2024-03-13 16:00:00,LSK,62.333333333333336
2024-03-13 17:00:00,LSK,62.80769230769231
2024-03-13 18:00:00,LSK,63.171875
2024-03-13 19:00:00,LSK,64.48076923076923
2024-03-13 20:00:00,LSK,64.92857142857143
2024-03-13 21:00:00,LSK,65.38235294117646
2024-03-13 22:00:00,LSK,65.72222222222223
2024-03-13 23:00:00,LSK,64.40384615384616
2024-03-14 00:00:00,LSK,63.303030303030305
2024-03-14 01:00:00,LSK,63.404761904761905
2024-03-14 02:00:00,LSK,62.94318181818182
2024-03-14 03:00:00,LSK,62.895348837209305
2024-03-14 04:00:00,LSK,62.54545454545455
2024-03-14 05:00:00,LSK,62.426829268292686
2024-03-14 06:00:00,LSK,62.592592592592595
2024-03-14 07:00:00,LSK,62.55172413793103
2024-03-14 08:00:00,LSK,62.42307692307692
2024-03-14 09:00:00,LSK,61.970588235294116
2024-03-14 10:00:00,LSK,62.26315789473684
2024-03-14 11:00:00,LSK,62.361111111111114
2024-03-14 12:00:00,LSK,62.36764705882353
2024-03-14 13:00:00,LSK,62.94444444444444
2024-03-14 14:00:00,LSK,63.34722222222222
2024-03-14 15:00:00,LSK,63.973684210526315
2024-03-14 16:00:00,LSK,64.13157894736842
2024-03-14 17:00:00,LSK,63.48529411764706
2024-03-14 18:00:00,LSK,63.666666666666664
2024-03-14 19:00:00,LSK,64.21428571428571
2024-03-14 20:00:00,LSK,64.96551724137932
2024-03-14 21:00:00,LSK,65.55405405405405
2024-03-14 22:00:00,LSK,66.14285714285714
2024-03-15 09:00:00,LSK,66.48076923076923
2024-03-15 10:00:00,LSK,66.75925925925925
2024-03-15 11:00:00,LSK,67.0576923076923
2024-03-15 12:00:00,LSK,67.26315789473684
2024-03-15 13:00:00,LSK,67.89473684210526
2024-03-15 14:00:00,LSK,67.8157894736842
2024-03-15 15:00:00,LSK,67.76315789473684
2024-03-15 16:00:00,LSK,67.65517241379311
2024-03-15 17:00:00,LSK,68.25925925925925
2024-03-15 18:00:00,LSK,69
2024-03-15 19:00:00,LSK,69.975
2024-03-15 20:00:00,LSK,69.4090909090909
2024-03-15 21:00:00,LSK,69.43181818181819
2024-03-15 22:00:00,LSK,70.02631578947368
2024-03-15 23:00:00,LSK,68.1086956521739
2024-03-16 00:00:00,LSK,69.23684210526316
2024-03-16 01:00:00,LSK,69.02631578947368
2024-03-16 02:00:00,LSK,68.8076923076923
2024-03-16 03:00:00,LSK,68.6923076923077
2024-03-16 04:00:00,LSK,69
2024-03-16 05:00:00,LSK,68.34482758620689
2024-03-16 06:00:00,LSK,68.171875
2024-03-16 07:00:00,LSK,68.34482758620689
2024-03-16 08:00:00,LSK,69.47222222222223
2024-03-16 09:00:00,LSK,71.08333333333333
2024-03-16 10:00:00,LSK,71.53703703703704
2024-03-16 11:00:00,LSK,72.97222222222223
2024-03-16 12:00:00,LSK,73.38888888888889
2024-03-16 13:00:00,LSK,73
2024-03-16 14:00:00,LSK,74.30555555555556
2024-03-16 15:00:00,LSK,74.33333333333333
2024-03-16 16:00:00,LSK,73.80555555555556
2024-03-16 17:00:00,LSK,73.80555555555556
2024-03-16 18:00:00,LSK,73.44117647058823
2024-03-16 19:00:00,LSK,72.73214285714286
2024-03-16 20:00:00,LSK,73.41666666666667
2024-03-16 21:00:00,LSK,71.8225806451613
2024-03-16 22:00:00,LSK,71.53030303030303
2024-03-16 23:00:00,LSK,72
2024-03-17 00:00:00,LSK,72.63888888888889
2024-03-17 01:00:00,LSK,72.16666666666667
2024-03-17 02:00:00,LSK,71.48571428571428
2024-03-17 03:00:00,LSK,71.5
2024-03-17 04:00:00,LSK,72.13888888888889
2024-03-17 05:00:00,LSK,71.97222222222223
2024-03-17 06:00:00,LSK,71.97222222222223
2024-03-17 07:00:00,LSK,71.1896551724138
2024-03-17 08:00:00,LSK,72.11111111111111
2024-03-17 09:00:00,LSK,72.39583333333333
2024-03-17 10:00:00,LSK,71.88888888888889
2024-03-17 11:00:00,LSK,72.75
2024-03-17 12:00:00,LSK,73.16666666666667
2024-03-17 13:00:00,LSK,72.75
2024-03-17 14:00:00,LSK,72.91666666666667
2024-03-17 15:00:00,LSK,72.94444444444444
2024-03-17 16:00:00,LSK,73.08333333333333
2024-03-17 17:00:00,LSK,72.94444444444444
2024-03-17 18:00:00,LSK,73.47222222222223
2024-03-17 19:00:00,LSK,73.66666666666667
2024-03-17 20:00:00,LSK,72.10526315789474
2024-03-17 21:00:00,LSK,72.63636363636364
2024-03-17 22:00:00,LSK,71.80952380952381
2024-03-17 23:00:00,LSK,72
2024-03-18 00:00:00,LSK,71.94827586206897
2024-03-18 01:00:00,LSK,72.77777777777777
2024-03-18 02:00:00,LSK,72.44444444444444
2024-03-18 03:00:00,LSK,72.30555555555556
2024-03-18 04:00:00,LSK,72.25
2024-03-18 05:00:00,LSK,72.05555555555556
2024-03-18 06:00:00,LSK,72
2024-03-18 07:00:00,LSK,70.98275862068965
2024-03-18 08:00:00,LSK,71.72413793103448
2024-03-18 09:00:00,LSK,72.25
2024-03-18 10:00:00,LSK,72.32692307692308
2024-03-18 11:00:00,LSK,73.22222222222223
2024-03-18 12:00:00,LSK,73.22222222222223
2024-03-18 13:00:00,LSK,72.94444444444444
2024-03-18 14:00:00,LSK,71.1923076923077
2024-03-18 15:00:00,LSK,71.11428571428571
2024-03-18 16:00:00,LSK,72.27777777777777
2024-03-18 17:00:00,LSK,71.13636363636364
2024-03-18 18:00:00,LSK,72.44444444444444
2024-03-18 19:00:00,LSK,72.25
2024-03-18 20:00:00,LSK,72.11363636363636
2024-03-18 21:00:00,LSK,71.5952380952381
2024-03-18 22:00:00,LSK,71.9047619047619
2024-03-18 23:00:00,LSK,71.10526315789474
2024-03-19 00:00:00,LSK,72.05555555555556
2024-03-19 01:00:00,LSK,72.08333333333333
2024-03-19 02:00:00,LSK,71.66666666666667
2024-03-19 03:00:00,LSK,71.75
2024-03-19 04:00:00,LSK,72
2024-03-19 05:00:00,LSK,71.75
2024-03-19 06:00:00,LSK,71.22916666666667
2024-03-19 07:00:00,LSK,70.32758620689656
2024-03-19 08:00:00,LSK,70.15714285714286
2024-03-19 09:00:00,LSK,71
2024-03-19 10:00:00,LSK,68.13636363636364
2024-03-19 11:00:00,LSK,68.41666666666667
2024-03-19 12:00:00,LSK,67.61111111111111
2024-03-19 13:00:00,LSK,66.5
2024-03-19 14:00:00,LSK,64.83333333333333
2024-03-19 15:00:00,LSK,63.32857142857143
2024-03-19 16:00:00,LSK,61.2037037037037
2024-03-19 17:00:00,LSK,60.77777777777778
2024-03-19 18:00:00,LSK,59.666666666666664
2024-03-19 19:00:00,LSK,59.258620689655174
2024-03-19 20:00:00,LSK,57.93055555555556
2024-03-19 21:00:00,LSK,56.638888888888886
2024-03-19 22:00:00,LSK,56.24193548387097
2024-03-19 23:00:00,LSK,56.8421052631579
2024-03-20 00:00:00,LSK,58.25
2024-03-20 01:00:00,LSK,58.473684210526315
2024-03-20 02:00:00,LSK,58.60526315789474
2024-03-20 03:00:00,LSK,57.351851851851855
2024-03-20 04:00:00,LSK,58.55263157894737
2024-03-20 05:00:00,LSK,58.36842105263158
2024-03-20 06:00:00,LSK,58.36842105263158
2024-03-20 07:00:00,LSK,57.21153846153846
2024-03-20 08:00:00,LSK,54.97142857142857
2024-03-20 09:00:00,LSK,54.52777777777778
2024-03-20 10:00:00,LSK,53.15909090909091
2024-03-20 11:00:00,LSK,54.44444444444444
2024-03-20 12:00:00,LSK,54.80769230769231
2024-03-20 13:00:00,LSK,57.638888888888886
2024-03-20 14:00:00,LSK,59.22222222222222
2024-03-20 15:00:00,LSK,58.45
2024-03-20 16:00:00,LSK,59.833333333333336
2024-03-20 17:00:00,LSK,60.47222222222222
2024-03-20 18:00:00,LSK,60.361111111111114
2024-03-20 19:00:00,LSK,59.95
2024-03-20 20:00:00,LSK,58.666666666666664
2024-03-20 21:00:00,LSK,58.04347826086956
2024-03-20 22:00:00,LSK,58.5
2024-03-20 23:00:00,LSK,58.325
2024-03-21 00:00:00,LSK,59.388888888888886
2024-03-21 01:00:00,LSK,59.77777777777778
2024-03-21 02:00:00,LSK,59.5
2024-03-21 09:00:00,LSK,57.27777777777778
2024-03-21 10:00:00,LSK,56.51851851851852
2024-03-21 11:00:00,LSK,56.916666666666664
2024-03-21 12:00:00,LSK,56.28125
2024-03-21 14:00:00,LSK,57.333333333333336
2024-03-21 15:00:00,LSK,57.404761904761905
2024-03-21 16:00:00,LSK,60.02777777777778
2024-03-21 17:00:00,LSK,59.81666666666667
2024-03-21 18:00:00,LSK,61.09090909090909
2024-03-21 19:00:00,LSK,62.75
2024-03-21 20:00:00,LSK,63.55555555555556
2024-03-21 21:00:00,LSK,65.19565217391305
2024-03-21 22:00:00,LSK,64.8913043478261
2024-03-21 23:00:00,LSK,64.73913043478261
2024-03-22 00:00:00,LSK,63.921052631578945
2024-03-22 01:00:00,LSK,64
2024-03-22 02:00:00,LSK,64.07894736842105
2024-03-22 03:00:00,LSK,63.973684210526315
2024-03-22 04:00:00,LSK,64.26315789473684
2024-03-22 05:00:00,LSK,64.34210526315789
2024-03-22 06:00:00,LSK,65.2258064516129
2024-03-22 07:00:00,LSK,64.97368421052632
2024-03-22 08:00:00,LSK,65.8409090909091
2024-03-22 09:00:00,LSK,67.3529411764706
2024-03-22 10:00:00,LSK,66.98214285714286
2024-03-22 11:00:00,LSK,67.44736842105263
2024-03-22 12:00:00,LSK,66.71428571428571
2024-03-22 13:00:00,LSK,67.65789473684211
2024-03-22 14:00:00,LSK,67.47368421052632
2024-03-22 15:00:00,LSK,67.07894736842105
2024-03-22 16:00:00,LSK,66.96774193548387
2024-03-22 17:00:00,LSK,67.60416666666667
2024-03-22 18:00:00,LSK,67.775
2024-03-22 19:00:00,LSK,68.53448275862068
2024-03-22 20:00:00,LSK,69.07352941176471
2024-03-22 21:00:00,LSK,70.13461538461539
2024-03-22 22:00:00,LSK,69.8125
2024-03-22 23:00:00,LSK,69
2024-03-23 00:00:00,LSK,68.73809523809524
2024-03-23 01:00:00,LSK,68.35714285714286
2024-03-23 02:00:00,LSK,68.5
2024-03-23 03:00:00,LSK,68.15
2024-03-23 04:00:00,LSK,68.11904761904762
2024-03-23 05:00:00,LSK,68.02380952380952
2024-03-23 06:00:00,LSK,68.58
2024-03-23 07:00:00,LSK,68
2024-03-23 08:00:00,LSK,68.23809523809524
2024-03-23 09:00:00,LSK,68.5
2024-03-23 10:00:00,LSK,69.07575757575758
2024-03-23 11:00:00,LSK,68.97619047619048
2024-03-23 12:00:00,LSK,69.7
2024-03-23 13:00:00,LSK,69.54
2024-03-23 14:00:00,LSK,69.21428571428571
2024-03-23 15:00:00,LSK,69.5
2024-03-23 16:00:00,LSK,68.80952380952381
2024-03-23 17:00:00,LSK,69.39655172413794
2024-03-23 18:00:00,LSK,69.61904761904762
2024-03-23 19:00:00,LSK,70.24193548387096
2024-03-23 20:00:00,LSK,70.15517241379311
2024-03-23 21:00:00,LSK,70.84
2024-03-23 22:00:00,LSK,71.06818181818181
2024-03-23 23:00:00,LSK,71.75
2024-03-24 00:05:00,LSK,71.28571428571429
2024-03-24 00:35:00,LSK,71.2
2024-03-24 01:05:00,LSK,71.19047619047619
2024-03-24 01:35:00,LSK,71.96296296296296
2024-03-24 02:05:00,LSK,71.6
2024-03-24 02:35:00,LSK,71.38095238095238
2024-03-24 03:05:00,LSK,72.15
2024-03-24 03:35:00,LSK,71.61904761904762
2024-03-24 04:05:00,LSK,71.76190476190476
2024-03-24 04:35:00,LSK,71.75
2024-03-24 05:05:00,LSK,71.3
2024-03-24 05:35:00,LSK,72
2024-03-24 06:05:00,LSK,71.94736842105263
2024-03-24 06:35:00,LSK,71.52380952380952
2024-03-24 07:05:00,LSK,71.42857142857143
2024-03-24 07:35:00,LSK,71.28571428571429
2024-03-24 08:05:00,LSK,71.52380952380952
2024-03-24 08:30:00,LSK,71.3076923076923
2024-03-24 09:00:00,LSK,72.12
2024-03-24 09:35:00,LSK,72.05
2024-03-24 10:05:00,LSK,72.66666666666667
2024-03-24 10:35:00,LSK,72.3
2024-03-24 11:05:00,LSK,71.78947368421052
2024-03-24 11:35:00,LSK,71.7
2024-03-24 12:05:00,LSK,71.47619047619048
2024-03-24 12:35:00,LSK,70.95238095238095
2024-03-24 13:05:00,LSK,70.45
2024-03-24 13:35:00,LSK,71.4
2024-03-24 14:05:00,LSK,71.1
2024-03-24 14:35:00,LSK,70.9047619047619
2024-03-24 15:05:00,LSK,71.35
2024-03-24 15:35:00,LSK,70.61904761904762
2024-03-24 16:05:00,LSK,71.04761904761905
2024-03-24 16:35:00,LSK,70.75
2024-03-24 17:05:00,LSK,70.7
2024-03-24 17:35:00,LSK,70.95
2024-03-24 18:05:00,LSK,71.52631578947368
2024-03-24 18:35:00,LSK,71.05
2024-03-24 19:05:00,LSK,71.42857142857143
2024-03-24 19:35:00,LSK,71.33333333333333
2024-03-24 20:05:00,LSK,70.6774193548387
2024-03-24 20:35:00,LSK,71.8
2024-03-24 21:05:00,LSK,72.80952380952381
2024-03-24 21:30:00,LSK,72.82608695652173
2024-03-24 22:05:00,LSK,72.86363636363636
2024-03-24 22:30:00,LSK,71.26923076923077
2024-03-24 23:00:00,LSK,71.81818181818181
2024-03-24 23:30:00,LSK,71.68
2024-03-25 00:05:00,LSK,70.6842105263158
2024-03-25 00:35:00,LSK,70.71428571428571
2024-03-25 01:05:00,LSK,70.57142857142857
2024-03-25 01:35:00,LSK,71
2024-03-25 02:00:00,LSK,70.76190476190476
2024-03-25 02:35:00,LSK,69.53571428571429
2024-03-25 03:05:00,LSK,70.10810810810811
2024-03-25 03:35:00,LSK,69.6969696969697
2024-03-25 04:05:00,LSK,69.66666666666667
2024-03-25 04:35:00,LSK,70.075
2024-03-25 05:05:00,LSK,70.20689655172414
2024-03-25 05:35:00,LSK,70.10526315789474
2024-03-25 06:05:00,LSK,69.51724137931035
2024-03-25 06:35:00,LSK,70.36363636363636
2024-03-25 07:05:00,LSK,69.94736842105263
2024-03-25 07:35:00,LSK,70
2024-03-25 08:05:00,LSK,68.57142857142857
2024-03-25 08:45:00,LSK,68.70588235294117
2024-03-25 09:00:00,LSK,66.63333333333334
2024-03-25 09:35:00,LSK,66.94444444444444
2024-03-25 10:00:00,LSK,69.04347826086956
2024-03-25 10:35:00,LSK,66.7
2024-03-25 11:00:00,LSK,68
2024-03-25 11:35:00,LSK,66.44827586206897
2024-03-25 12:05:00,LSK,66.2
2024-03-25 12:35:00,LSK,65.37037037037037
2024-03-25 13:00:00,LSK,67.3913043478261
2024-03-25 13:35:00,LSK,65.3103448275862
2024-03-25 14:05:00,LSK,65.1
2024-03-25 14:35:00,LSK,65.84210526315789
2024-03-25 15:00:00,LSK,66.70833333333333
2024-03-25 15:35:00,LSK,65
2024-03-25 16:05:00,LSK,65.61904761904762
2024-03-25 16:35:00,LSK,65.84210526315789
2024-03-25 17:05:00,LSK,65.1
2024-03-25 17:35:00,LSK,65.5
2024-03-25 18:05:00,LSK,65.95
2024-03-25 18:35:00,LSK,66.57142857142857
2024-03-25 19:05:00,LSK,66.38095238095238
2024-03-25 19:35:00,LSK,67.4090909090909
2024-03-25 20:05:00,LSK,67.6774193548387
2024-03-25 20:35:00,LSK,67.6842105263158
2024-03-25 21:00:00,LSK,67.6470588235294
2024-03-25 21:30:00,LSK,68
2024-03-25 22:00:00,LSK,67.97674418604652
2024-03-25 22:30:00,LSK,67.48275862068965
2024-03-25 23:00:00,LSK,68.78260869565217
2024-03-25 23:30:00,LSK,68.66666666666667
2024-03-26 00:05:00,LSK,67.66666666666667
2024-03-26 00:35:00,LSK,67.6
2024-03-26 01:05:00,LSK,67.95
2024-03-26 01:35:00,LSK,67.57142857142857
2024-03-26 02:05:00,LSK,67.9047619047619
2024-03-26 02:35:00,LSK,67.57142857142857
2024-03-26 03:05:00,LSK,67.47619047619048
2024-03-26 03:35:00,LSK,67.72222222222223
2024-03-26 04:05:00,LSK,68
2024-03-26 04:35:00,LSK,67.6
2024-03-26 05:05:00,LSK,68.23809523809524
2024-03-26 05:35:00,LSK,67.42105263157895
2024-03-26 06:05:00,LSK,68.25
2024-03-26 06:35:00,LSK,68.15
2024-03-26 07:05:00,LSK,68.3
2024-03-26 07:35:00,LSK,67.80952380952381
2024-03-26 08:05:00,LSK,66.85714285714286
2024-03-26 08:35:00,LSK,65.45161290322581
2024-03-26 09:05:00,LSK,66.26315789473684
2024-03-26 09:30:00,LSK,67.45454545454545
2024-03-26 10:00:00,LSK,66.46511627906976
2024-03-26 10:35:00,LSK,65.3103448275862
2024-03-26 11:05:00,LSK,64.96666666666667
2024-03-26 11:35:00,LSK,65.76190476190476
2024-03-26 12:05:00,LSK,65.7
2024-03-26 12:35:00,LSK,64.85
2024-03-26 13:05:00,LSK,66.3
2024-03-26 13:35:00,LSK,65.65
2024-03-26 14:05:00,LSK,66.05
2024-03-26 14:35:00,LSK,65.42857142857143
2024-03-26 15:05:00,LSK,65.23809523809524
2024-03-26 15:35:00,LSK,65.23809523809524
2024-03-26 16:05:00,LSK,65.57142857142857
2024-03-26 16:35:00,LSK,65.57894736842105
2024-03-26 17:05:00,LSK,65.1
2024-03-26 17:35:00,LSK,65.05
2024-03-26 18:05:00,LSK,65.95238095238095
2024-03-26 18:35:00,LSK,65.6842105263158
2024-03-26 19:05:00,LSK,66.14285714285714
2024-03-26 19:35:00,LSK,66.5
2024-03-26 20:05:00,LSK,67.95238095238095
2024-03-26 20:30:00,LSK,67.36363636363636
2024-03-26 21:05:00,LSK,67.4090909090909
2024-03-26 21:30:00,LSK,67.22727272727273
2024-03-26 22:05:00,LSK,67.15
2024-03-26 22:40:00,LSK,66.47368421052632
2024-03-26 23:05:00,LSK,67.35
2024-03-26 23:35:00,LSK,67.9090909090909
2024-03-27 00:05:00,LSK,66.8
2024-03-27 00:30:00,LSK,67.45833333333333
2024-03-27 01:00:00,LSK,68.08695652173913
2024-03-27 01:35:00,LSK,67.0952380952381
2024-03-27 02:00:00,LSK,68.60606060606061
2024-03-27 02:35:00,LSK,67.05263157894737
2024-03-27 03:05:00,LSK,67.38095238095238
2024-03-27 03:35:00,LSK,67.42105263157895
2024-03-27 04:05:00,LSK,67.42857142857143
2024-03-27 04:35:00,LSK,67.19047619047619
2024-03-27 05:05:00,LSK,67.6
2024-03-27 05:35:00,LSK,67.3
2024-03-27 06:05:00,LSK,67.1
2024-03-27 06:35:00,LSK,67.65
2024-03-27 07:05:00,LSK,67.5
2024-03-27 07:35:00,LSK,67.05882352941177
2024-03-27 08:05:00,LSK,65.72222222222223
2024-03-27 08:35:00,LSK,66.24137931034483
2024-03-27 09:05:00,LSK,66.80952380952381
2024-03-27 09:35:00,LSK,66.89473684210526
2024-03-27 10:00:00,LSK,67.56521739130434
2024-03-27 10:30:00,LSK,67.51612903225806
2024-03-27 11:00:00,LSK,67.31818181818181
2024-03-27 11:35:00,LSK,66.2
2024-03-27 12:05:00,LSK,67.77777777777777
2024-03-27 12:35:00,LSK,66.88888888888889
2024-03-27 13:05:00,LSK,67.35
2024-03-27 13:35:00,LSK,66.84210526315789
2024-03-27 14:00:00,LSK,67.47619047619048
2024-03-27 14:35:00,LSK,66.05555555555556
2024-03-27 15:05:00,LSK,66.05
2024-03-27 15:35:00,LSK,66.15789473684211
2024-03-27 16:00:00,LSK,66.5909090909091
2024-03-27 16:35:00,LSK,65.35
2024-03-27 17:00:00,LSK,67.47826086956522
2024-03-27 17:30:00,LSK,66.75
2024-03-27 18:05:00,LSK,65.68181818181819
2024-03-27 18:35:00,LSK,67.70833333333333
2024-03-27 19:05:00,LSK,67.09756097560975
2024-03-27 19:30:00,LSK,67.91666666666667
2024-03-27 20:10:00,LSK,66.67857142857143
2024-03-27 20:35:00,LSK,67.14285714285714
2024-03-27 21:00:00,LSK,67.6842105263158
2024-03-27 21:30:00,LSK,68.23809523809524
2024-03-27 22:05:00,LSK,68.4375
2024-03-27 22:35:00,LSK,68.27272727272727
2024-03-27 23:05:00,LSK,68.5
2024-03-27 23:30:00,LSK,68.5909090909091
2024-03-28 00:05:00,LSK,68
2024-03-28 00:35:00,LSK,67.3103448275862
2024-03-28 01:00:00,LSK,68.41666666666667
2024-03-28 01:30:00,LSK,68.5
2024-03-28 02:05:00,LSK,67.7741935483871
2024-03-28 02:35:00,LSK,68.2
2024-03-28 03:05:00,LSK,67.93333333333334
2024-03-28 03:35:00,LSK,67.78947368421052
2024-03-28 04:05:00,LSK,68.6
2024-03-28 04:30:00,LSK,68.62790697674419
2024-03-28 05:00:00,LSK,68.54545454545455
2024-03-28 05:30:00,LSK,68.56521739130434
2024-03-28 06:05:00,LSK,68.19354838709677
2024-03-28 06:30:00,LSK,68.5
2024-03-28 07:05:00,LSK,68.46666666666667
2024-03-28 07:35:00,LSK,68.0952380952381
2024-03-28 08:05:00,LSK,67.7
2024-03-28 08:40:00,LSK,65.625
2024-03-28 09:05:00,LSK,67.3
2024-03-28 09:30:00,LSK,67.91304347826087
2024-03-28 10:00:00,LSK,67.75
2024-03-28 10:35:00,LSK,66.45454545454545
2024-03-28 11:00:00,LSK,67.125
2024-03-28 11:35:00,LSK,67.19047619047619
2024-03-28 12:05:00,LSK,66.85
2024-03-28 12:35:00,LSK,66.80952380952381
2024-03-28 13:05:00,LSK,66.71428571428571
2024-03-28 13:35:00,LSK,66.5
2024-03-28 14:00:00,LSK,67.17391304347827
2024-03-28 14:35:00,LSK,66.77777777777777
2024-03-28 15:05:00,LSK,66.83333333333333
2024-03-28 15:35:00,LSK,66.61904761904762
2024-03-28 16:05:00,LSK,65.6
2024-03-28 16:35:00,LSK,66.47619047619048
2024-03-28 17:05:00,LSK,65.85
2024-03-28 17:35:00,LSK,65.65
2024-03-28 18:05:00,LSK,66.6
2024-03-28 18:35:00,LSK,66.6
2024-03-28 19:05:00,LSK,66.8
2024-03-28 19:35:00,LSK,67.25806451612904
2024-03-28 20:05:00,LSK,67.8
2024-03-28 20:35:00,LSK,68
2024-03-28 21:00:00,LSK,69.6
2024-03-28 21:35:00,LSK,68.45161290322581
2024-03-28 22:05:00,LSK,67.54545454545455
2024-03-28 22:30:00,LSK,68.25
2024-03-28 23:05:00,LSK,68.55172413793103
2024-03-28 23:30:00,LSK,70.04761904761905
2024-03-29 00:05:00,LSK,69.47058823529412
2024-03-29 00:35:00,LSK,69.84210526315789
2024-03-29 01:05:00,LSK,69
2024-03-29 01:35:00,LSK,69.05
2024-03-29 02:05:00,LSK,68.75
2024-03-29 02:35:00,LSK,69.38888888888889
2024-03-29 03:05:00,LSK,69.15789473684211
2024-03-29 03:35:00,LSK,68.85
2024-03-29 04:05:00,LSK,68.6
2024-03-29 04:35:00,LSK,69.35
2024-03-29 05:05:00,LSK,69.3
2024-03-29 05:35:00,LSK,69.4
2024-03-29 06:05:00,LSK,69.5
2024-03-29 06:35:00,LSK,69.75
2024-03-29 07:05:00,LSK,69
2024-03-29 07:35:00,LSK,69
2024-03-29 08:05:00,LSK,69.25
2024-03-29 08:35:00,LSK,69.65
2024-03-29 09:00:00,LSK,70.04545454545455
2024-03-29 09:35:00,LSK,69.3
2024-03-29 10:05:00,LSK,69.5
2024-03-29 10:30:00,LSK,69.3125
2024-03-29 11:05:00,LSK,68.75
2024-03-29 11:35:00,LSK,69.33333333333333
2024-03-29 12:05:00,LSK,69.10526315789474
2024-03-29 12:35:00,LSK,69.41176470588235
2024-03-29 13:05:00,LSK,69.23529411764706
2024-03-29 13:35:00,LSK,69.38888888888889
2024-03-29 14:05:00,LSK,68
2024-03-29 14:35:00,LSK,69.63157894736842
2024-03-29 15:05:00,LSK,70.11764705882354
2024-03-29 15:35:00,LSK,69.6842105263158
2024-03-29 16:05:00,LSK,69.05263157894737
2024-03-29 16:35:00,LSK,69.10526315789474
2024-03-29 17:05:00,LSK,69.05263157894737
2024-03-29 17:35:00,LSK,69.15789473684211
2024-03-29 18:00:00,LSK,68.9375
2024-03-29 18:35:00,LSK,68.94444444444444
2024-03-29 19:05:00,LSK,68.94736842105263
2024-03-29 19:35:00,LSK,69.63157894736842
2024-03-29 20:05:00,LSK,68.875
2024-03-29 20:35:00,LSK,68.25
2024-03-29 21:05:00,LSK,68.52173913043478
2024-03-29 21:30:00,LSK,69.45
2024-03-29 22:05:00,LSK,69.23076923076923
2024-03-29 22:35:00,LSK,68.73913043478261
2024-03-29 23:05:00,LSK,68.94444444444444
2024-03-29 23:30:00,LSK,70.0952380952381
2024-03-30 00:05:00,LSK,69.5
2024-03-30 00:35:00,LSK,69.55555555555556
2024-03-30 01:05:00,LSK,68.88888888888889
2024-03-30 01:35:00,LSK,68.17647058823529
2024-03-30 02:05:00,LSK,68.41379310344827
2024-03-30 02:30:00,LSK,69.18181818181819
2024-03-30 03:05:00,LSK,68.2
2024-03-30 03:35:00,LSK,68.6842105263158
2024-03-30 04:05:00,LSK,68.47058823529412
2024-03-30 04:35:00,LSK,68.72222222222223
2024-03-30 05:05:00,LSK,68.38888888888889
2024-03-30 05:35:00,LSK,68.70588235294117
2024-03-30 06:05:00,LSK,69
2024-03-30 06:35:00,LSK,68.36842105263158
2024-03-30 07:05:00,LSK,68.6
2024-03-30 07:35:00,LSK,68.05263157894737
2024-03-30 08:05:00,LSK,68.63157894736842
2024-03-30 08:30:00,LSK,69.66666666666667
2024-03-30 09:05:00,LSK,69.47368421052632
2024-03-30 09:35:00,LSK,69.47368421052632
2024-03-30 10:05:00,LSK,69.6842105263158
2024-03-30 10:35:00,LSK,68.26666666666667
2024-03-30 11:15:00,LSK,69.15384615384616
2024-03-30 11:35:00,LSK,69.47368421052632
2024-03-30 12:05:00,LSK,68.6842105263158
2024-03-30 12:35:00,LSK,68.11111111111111
2024-03-30 13:00:00,LSK,69.4
2024-03-30 13:35:00,LSK,69.47058823529412
2024-03-30 14:05:00,LSK,68.78947368421052
2024-03-30 14:35:00,LSK,69.3157894736842
2024-03-30 15:05:00,LSK,69.42105263157895
2024-03-30 15:35:00,LSK,69.2
2024-03-30 16:05:00,LSK,69.3157894736842
2024-03-30 16:35:00,LSK,69.42105263157895
2024-03-30 17:05:00,LSK,69.05263157894737
2024-03-30 17:35:00,LSK,70.58823529411765
2024-03-30 18:05:00,LSK,69.42105263157895
2024-03-30 18:35:00,LSK,69.78947368421052
2024-03-30 19:05:00,LSK,68.94444444444444
2024-03-30 19:35:00,LSK,71.18181818181819
2024-03-30 20:00:00,LSK,68.75862068965517
2024-03-30 20:35:00,LSK,70.66666666666667
2024-03-30 21:05:00,LSK,70.80952380952381
2024-03-30 21:35:00,LSK,69.26086956521739
2024-03-30 22:00:00,LSK,70.78787878787878
2024-03-30 22:30:00,LSK,70.25925925925925
2024-03-30 23:05:00,LSK,69.76666666666667
2024-03-30 23:30:00,LSK,71.36363636363636
2024-03-31 00:05:00,LSK,70.44444444444444
2024-03-31 00:35:00,LSK,70.8
2024-03-31 01:05:00,LSK,71
2024-03-31 01:35:00,LSK,72
2024-03-31 02:00:00,LSK,71.95238095238095
2024-03-31 02:30:00,LSK,71.3913043478261
2024-03-31 03:05:00,LSK,71.4
2024-03-31 03:35:00,LSK,71.52631578947368
2024-03-31 04:05:00,LSK,71.5
2024-03-31 04:35:00,LSK,71.36842105263158
2024-03-31 05:05:00,LSK,71.45
2024-03-31 05:35:00,LSK,70.95
2024-03-31 06:05:00,LSK,71.3529411764706
2024-03-31 06:35:00,LSK,71.2
2024-03-31 07:05:00,LSK,71.95
2024-03-31 07:35:00,LSK,71.05555555555556
2024-03-31 08:05:00,LSK,72.5
2024-03-31 08:30:00,LSK,73.26086956521739
2024-03-31 09:05:00,LSK,73.94444444444444
2024-03-31 09:35:00,LSK,73.84210526315789
2024-03-31 10:00:00,LSK,74.52173913043478
2024-03-31 10:30:00,LSK,73.96969696969697
2024-03-31 11:05:00,LSK,74
2024-03-31 11:35:00,LSK,74.21052631578948
2024-03-31 12:05:00,LSK,73.94736842105263
2024-03-31 12:35:00,LSK,73.44444444444444
2024-03-31 13:05:00,LSK,74
2024-03-31 13:35:00,LSK,74.10526315789474
2024-03-31 14:05:00,LSK,75.27777777777777
2024-03-31 14:30:00,LSK,74.47826086956522
2024-03-31 15:05:00,LSK,75
2024-03-31 15:35:00,LSK,75.6842105263158
2024-03-31 16:05:00,LSK,75.7
2024-03-31 16:35:00,LSK,74.61111111111111
2024-03-31 17:05:00,LSK,75.6
2024-03-31 17:35:00,LSK,75.05
2024-03-31 18:05:00,LSK,74.94736842105263
2024-03-31 18:35:00,LSK,75.55
2024-03-31 19:05:00,LSK,75.65
2024-03-31 19:35:00,LSK,75.14285714285714
2024-03-31 20:00:00,LSK,73.66666666666667
2024-03-31 20:35:00,LSK,76.10526315789474
2024-03-31 21:05:00,LSK,75.38095238095238
2024-03-31 21:30:00,LSK,73.04545454545455
2024-03-31 22:05:00,LSK,76.05263157894737
2024-03-31 22:30:00,LSK,75.72727272727273
2024-03-31 23:05:00,LSK,74.4
2024-03-31 23:30:00,LSK,75.69565217391305
