timestamp,Building,average_aggregated_temp
2023-04-02 00:00:00,LSK,22.796975609756096
2023-04-03 00:00:00,LSK,22.58086666666667
2023-04-04 00:00:00,LSK,22.617109999999993
2023-04-05 00:00:00,LSK,22.890013888888888
2023-04-06 00:00:00,LSK,22.847954285714277
2023-04-07 00:00:00,LSK,23.26292666666666
2023-04-08 00:00:00,LSK,23.376074418604652
2023-04-12 00:00:00,LSK,22.927099999999992
2023-04-13 00:00:00,LSK,23.05660222222222
2023-04-14 00:00:00,LSK,22.986283333333326
2023-04-15 00:00:00,LSK,23.189431111111112
2023-04-16 00:00:00,LSK,23.885422222222225
2023-04-17 00:00:00,LSK,23.41455777777778
2023-04-18 00:00:00,LSK,23.363621428571427
2023-04-19 00:00:00,LSK,23.366048888888887
2023-04-20 00:00:00,LSK,22.954693749999997
2023-04-21 00:00:00,LSK,23.11802888888889
2023-04-22 00:00:00,LSK,23.05528222222222
2023-04-23 00:00:00,LSK,23.298097777777777
2023-04-24 00:00:00,LSK,23.066277777777778
2023-04-25 00:00:00,LSK,22.91999777777778
2023-04-26 00:00:00,LSK,22.82801333333333
2023-04-27 00:00:00,LSK,22.89746666666667
2023-04-28 00:00:00,LSK,22.976591111111112
2023-04-29 00:00:00,LSK,23.214071111111107
2023-04-30 00:00:00,LSK,23.738993333333337
2023-05-01 00:00:00,LSK,23.777755555555554
2023-05-02 00:00:00,LSK,23.3582288888889
2023-05-03 00:00:00,LSK,23.331395555555563
2023-05-04 00:00:00,LSK,23.284231111111108
2023-05-05 00:00:00,LSK,23.35552444444445
2023-05-06 00:00:00,LSK,23.140386363636363
2023-05-06 01:00:00,LSK,23.258532142857145
2023-05-06 02:00:00,LSK,23.17163181818182
2023-05-06 03:00:00,LSK,23.303728571428568
2023-05-06 04:00:00,LSK,23.195552173913043
2023-05-06 05:00:00,LSK,23.347892857142853
2023-05-06 06:00:00,LSK,23.213204545454545
2023-05-06 07:00:00,LSK,23.305510714285713
2023-05-06 08:00:00,LSK,23.078368181818185
2023-05-06 09:00:00,LSK,23.15759642857143
2023-05-06 10:00:00,LSK,23.05346071428571
2023-05-06 11:00:00,LSK,23.031966666666662
2023-05-06 12:00:00,LSK,23.077692857142857
2023-05-06 13:00:00,LSK,23.06932222222222
2023-05-06 14:00:00,LSK,23.066972727272727
2023-05-06 15:00:00,LSK,23.049107407407405
2023-05-06 16:00:00,LSK,23.018750000000004
2023-05-06 17:00:00,LSK,23.187053571428574
2023-05-06 18:00:00,LSK,23.31627037037037
2023-05-06 19:00:00,LSK,23.840296666666664
2023-05-06 20:00:00,LSK,23.904262857142857
2023-05-06 21:00:00,LSK,23.559716666666663
2023-05-06 22:00:00,LSK,23.735685294117644
2023-05-06 23:00:00,LSK,23.766257142857143
2023-05-07 00:00:00,LSK,23.543704347826086
2023-05-07 01:00:00,LSK,23.541530434782608
2023-05-07 02:00:00,LSK,23.570065217391303
2023-05-07 03:00:00,LSK,24.072723809523808
2023-05-07 04:00:00,LSK,23.86418235294118
2023-05-07 05:00:00,LSK,23.69112222222222
2023-05-07 06:00:00,LSK,23.892951515151523
2023-05-07 07:00:00,LSK,23.728653571428573
2023-05-07 08:00:00,LSK,23.95548787878788
2023-05-07 09:00:00,LSK,23.79324814814814
2023-05-07 10:00:00,LSK,23.85069285714286
2023-05-07 11:00:00,LSK,23.848846428571424
2023-05-07 12:00:00,LSK,24.319170270270273
2023-05-07 13:00:00,LSK,23.94900384615385
2023-05-07 14:00:00,LSK,23.819795000000006
2023-05-07 15:00:00,LSK,23.991791666666668
2023-05-07 16:00:00,LSK,23.815433333333335
2023-05-07 20:00:00,LSK,23.87404
2023-05-07 21:00:00,LSK,24.57189583333334
2023-05-07 22:00:00,LSK,24.32719714285714
2023-05-07 23:00:00,LSK,24.094200000000004
2023-05-08 00:00:00,LSK,23.910017391304347
2023-05-08 01:00:00,LSK,23.91365
2023-05-08 02:00:00,LSK,23.884608695652172
2023-05-08 03:00:00,LSK,24.24214705882352
2023-05-08 04:00:00,LSK,23.87163913043478
2023-05-08 05:00:00,LSK,23.894575000000003
2023-05-08 06:00:00,LSK,23.840125925925932
2023-05-08 07:00:00,LSK,23.635900000000003
2023-05-08 08:00:00,LSK,23.50006551724138
2023-05-08 09:00:00,LSK,23.18992142857143
2023-05-08 10:00:00,LSK,23.12842857142857
2023-05-08 11:00:00,LSK,23.069010714285714
2023-05-08 12:00:00,LSK,23.213696969696972
2023-05-08 13:00:00,LSK,23.2657275862069
2023-05-08 14:00:00,LSK,23.3314243902439
2023-05-08 15:00:00,LSK,23.123621428571425
2023-05-08 16:00:00,LSK,23.02743214285714
2023-05-08 17:00:00,LSK,23.005778571428575
2023-05-08 18:00:00,LSK,23.00593333333333
2023-05-08 19:00:00,LSK,23.240045945945948
2023-05-08 20:00:00,LSK,23.680292857142856
2023-05-08 21:00:00,LSK,23.00764090909091
2023-05-08 22:00:00,LSK,23.413181818181826
2023-05-08 23:00:00,LSK,23.542052380952384
2023-05-09 00:00:00,LSK,23.657177500000007
2023-05-09 01:00:00,LSK,23.337748148148147
2023-05-09 02:00:00,LSK,23.35316363636364
2023-05-09 03:00:00,LSK,23.701682222222214
2023-05-09 04:00:00,LSK,23.495713793103437
2023-05-09 05:00:00,LSK,23.61867297297297
2023-05-09 06:00:00,LSK,23.450779411764703
2023-05-09 07:00:00,LSK,23.26264074074074
2023-05-09 08:00:00,LSK,23.415972500000002
2023-05-09 09:00:00,LSK,22.923566666666666
2023-05-09 10:00:00,LSK,22.970218518518518
2023-05-09 11:00:00,LSK,23.272232499999994
2023-05-09 12:00:00,LSK,22.990784615384616
2023-05-09 13:00:00,LSK,23.23242051282051
2023-05-09 14:00:00,LSK,23.18391578947368
2023-05-09 15:00:00,LSK,22.979229629629625
2023-05-09 16:00:00,LSK,22.966080769230775
2023-05-09 17:00:00,LSK,23.00659285714286
2023-05-09 18:00:00,LSK,22.93361923076923
2023-05-09 19:00:00,LSK,22.948807407407404
2023-05-09 20:00:00,LSK,23.171342105263165
2023-05-09 21:00:00,LSK,23.174475
2023-05-09 22:00:00,LSK,23.100150000000006
2023-05-09 23:00:00,LSK,23.24787878787879
2023-05-10 00:00:00,LSK,23.21503636363636
2023-05-10 01:00:00,LSK,23.54201052631579
2023-05-10 02:00:00,LSK,23.26582272727273
2023-05-10 03:00:00,LSK,23.60773863636364
2023-05-10 04:00:00,LSK,23.271336363636358
2023-05-10 05:00:00,LSK,23.268988888888885
2023-05-10 06:00:00,LSK,23.1634
2023-05-10 07:00:00,LSK,23.278477272727272
2023-05-10 08:00:00,LSK,23.38801212121212
2023-05-10 09:00:00,LSK,22.792963636363638
2023-05-10 10:00:00,LSK,22.835732352941168
2023-05-10 11:00:00,LSK,22.804933333333334
2023-05-10 12:00:00,LSK,22.86053181818182
2023-05-10 13:00:00,LSK,23.0502275
2023-05-10 14:00:00,LSK,23.081948484848485
2023-05-10 15:00:00,LSK,22.81102647058824
2023-05-10 16:00:00,LSK,22.738518518518518
2023-05-10 17:00:00,LSK,23.007572727272727
2023-05-10 18:00:00,LSK,22.791918181818176
2023-05-10 19:00:00,LSK,22.72593571428572
2023-05-10 20:00:00,LSK,22.984673076923077
2023-05-10 21:00:00,LSK,23.252664
2023-05-10 22:00:00,LSK,23.369956521739137
2023-05-10 23:00:00,LSK,23.494293749999997
2023-05-11 00:00:00,LSK,23.474195
2023-05-11 01:00:00,LSK,23.228764705882355
2023-05-11 02:00:00,LSK,23.217576470588238
2023-05-11 03:00:00,LSK,23.413106250000002
2023-05-11 04:00:00,LSK,23.520041860465117
2023-05-11 05:00:00,LSK,23.612555882352947
2023-05-11 06:00:00,LSK,23.18222962962963
2023-05-11 07:00:00,LSK,23.54743870967742
2023-05-11 08:00:00,LSK,22.83095714285714
2023-05-11 09:00:00,LSK,23.060034782608696
2023-05-11 10:00:00,LSK,22.877997058823524
2023-05-11 11:00:00,LSK,23.115366666666663
2023-05-11 12:00:00,LSK,23.030107142857137
2023-05-11 13:00:00,LSK,22.943702857142856
2023-05-11 14:00:00,LSK,23.063667999999996
2023-05-11 15:00:00,LSK,22.894043243243246
2023-05-11 16:00:00,LSK,22.764127272727272
2023-05-11 17:00:00,LSK,23.03804736842105
2023-05-11 18:00:00,LSK,22.77509375
2023-05-11 19:00:00,LSK,22.903228571428567
2023-05-11 20:00:00,LSK,23.01669230769231
2023-05-11 21:00:00,LSK,22.91889375
2023-05-11 22:00:00,LSK,23.206639130434787
2023-05-11 23:00:00,LSK,23.286427999999997
2023-05-12 00:00:00,LSK,23.21267058823529
2023-05-12 01:00:00,LSK,23.168696296296297
2023-05-12 02:00:00,LSK,23.345958620689654
2023-05-12 03:00:00,LSK,23.53383023255814
2023-05-12 04:00:00,LSK,23.34389090909091
2023-05-12 05:00:00,LSK,23.346981818181817
2023-05-12 06:00:00,LSK,23.310090909090903
2023-05-12 07:00:00,LSK,23.28486363636364
2023-05-12 08:00:00,LSK,23.212394871794874
2023-05-12 09:00:00,LSK,22.881940909090908
2023-05-12 10:00:00,LSK,22.93851724137931
2023-05-12 11:00:00,LSK,22.928900000000002
2023-05-12 12:00:00,LSK,22.78876666666667
2023-05-12 13:00:00,LSK,22.845318181818183
2023-05-12 14:00:00,LSK,23.069078787878794
2023-05-12 15:00:00,LSK,22.727222222222228
2023-05-12 16:00:00,LSK,22.717736000000006
2023-05-12 17:00:00,LSK,22.794000000000004
2023-05-12 18:00:00,LSK,22.900665714285722
2023-05-12 19:00:00,LSK,22.986315789473686
2023-05-12 20:00:00,LSK,23.349113333333328
2023-05-12 21:00:00,LSK,23.04034102564103
2023-05-12 22:00:00,LSK,23.130896551724135
2023-05-12 23:00:00,LSK,23.8
2023-05-13 03:00:00,LSK,23.12135
2023-05-13 04:00:00,LSK,23.068490909090915
2023-05-13 05:00:00,LSK,23.083684
2023-05-13 06:00:00,LSK,23.122713043478257
2023-05-13 07:00:00,LSK,23.076087999999995
2023-05-13 08:00:00,LSK,23.303351724137944
2023-05-13 09:00:00,LSK,23.022299999999998
2023-05-13 10:00:00,LSK,22.98782142857143
2023-05-13 11:00:00,LSK,22.786395999999996
2023-05-13 12:00:00,LSK,22.731735999999998
2023-05-13 13:00:00,LSK,22.790528
2023-05-13 14:00:00,LSK,22.902115625
2023-05-13 15:00:00,LSK,22.7753
2023-05-13 16:00:00,LSK,22.735248000000002
2023-05-13 17:00:00,LSK,22.94604210526316
2023-05-13 18:00:00,LSK,22.920975
2023-05-13 19:00:00,LSK,23.62321315789473
2023-05-13 20:00:00,LSK,23.345245161290322
2023-05-13 21:00:00,LSK,23.603761290322577
2023-05-13 22:00:00,LSK,23.688652631578947
2023-05-13 23:00:00,LSK,23.364507142857143
2023-05-14 00:00:00,LSK,23.18468333333333
2023-05-14 01:00:00,LSK,23.26866842105263
2023-05-14 02:00:00,LSK,23.188679166666663
2023-05-14 03:00:00,LSK,23.61093555555556
2023-05-14 04:00:00,LSK,23.24091052631579
2023-05-14 05:00:00,LSK,23.446568965517237
2023-05-14 06:00:00,LSK,23.586686206896555
2023-05-14 07:00:00,LSK,23.1932125
2023-05-14 08:00:00,LSK,23.414767857142856
2023-05-14 09:00:00,LSK,23.2371375
2023-05-14 10:00:00,LSK,23.359147058823535
2023-05-14 11:00:00,LSK,23.268337500000005
2023-05-14 12:00:00,LSK,23.34083684210526
2023-05-14 13:00:00,LSK,23.29357826086957
2023-05-14 14:00:00,LSK,23.781670000000002
2023-05-14 15:00:00,LSK,23.362316666666672
2023-05-14 16:00:00,LSK,23.343036000000005
2023-05-14 17:00:00,LSK,23.399215
2023-05-14 18:00:00,LSK,23.346799999999998
2023-05-14 19:00:00,LSK,23.88495
2023-05-14 20:00:00,LSK,23.858414285714286
2023-05-14 21:00:00,LSK,23.71336111111111
2023-05-14 22:00:00,LSK,23.56545714285715
2023-05-14 23:00:00,LSK,23.708039999999997
2023-05-15 00:00:00,LSK,23.407952
2023-05-15 01:00:00,LSK,23.58506666666667
2023-05-15 02:00:00,LSK,23.419683999999997
2023-05-15 03:00:00,LSK,23.69092045454545
2023-05-15 04:00:00,LSK,23.565640624999997
2023-05-15 05:00:00,LSK,23.501485294117643
2023-05-15 06:00:00,LSK,23.581282758620688
2023-05-15 07:00:00,LSK,23.365360000000003
2023-05-15 08:00:00,LSK,23.293267857142855
2023-05-15 09:00:00,LSK,23.019090000000002
2023-05-15 10:00:00,LSK,22.935050000000004
2023-05-15 11:00:00,LSK,22.863988
2023-05-15 12:00:00,LSK,22.843595999999998
2023-05-15 13:00:00,LSK,22.86371515151515
2023-05-15 14:00:00,LSK,22.991895
2023-05-15 15:00:00,LSK,23.05456285714286
2023-05-15 16:00:00,LSK,22.860417391304345
2023-05-15 17:00:00,LSK,23.114799999999995
2023-05-15 18:00:00,LSK,22.78172
2023-05-15 19:00:00,LSK,23.50533333333333
2023-05-15 20:00:00,LSK,23.173665
2023-05-15 21:00:00,LSK,22.778961904761907
2023-05-15 22:00:00,LSK,23.35445483870969
2023-05-15 23:00:00,LSK,23.37547222222223
2023-05-16 00:00:00,LSK,23.173661904761907
2023-05-16 01:00:00,LSK,23.12485
2023-05-16 02:00:00,LSK,23.189068000000002
2023-05-16 03:00:00,LSK,23.557715909090913
2023-05-16 04:00:00,LSK,23.29951904761905
2023-05-16 05:00:00,LSK,23.302304761904765
2023-05-16 06:00:00,LSK,23.283416
2023-05-16 07:00:00,LSK,23.32817619047619
2023-05-16 08:00:00,LSK,23.233479999999997
2023-05-16 09:00:00,LSK,23.015014285714283
2023-05-16 10:00:00,LSK,22.966955882352945
2023-05-16 11:00:00,LSK,23.129777777777782
2023-05-16 12:00:00,LSK,22.866304166666666
2023-05-16 13:00:00,LSK,23.00008666666667
2023-05-16 14:00:00,LSK,22.995379999999994
2023-05-16 15:00:00,LSK,22.958295238095236
2023-05-16 16:00:00,LSK,22.914471428571428
2023-05-16 17:00:00,LSK,22.909747619047618
2023-05-16 18:00:00,LSK,22.879157142857142
2023-05-16 19:00:00,LSK,22.957976666666664
2023-05-16 20:00:00,LSK,23.558200000000003
2023-05-16 21:00:00,LSK,22.740573913043477
2023-05-16 22:00:00,LSK,23.237503125000003
2023-05-16 23:00:00,LSK,23.4172225
2023-05-17 00:00:00,LSK,23.27046969696969
2023-05-17 01:00:00,LSK,23.3324
2023-05-17 02:00:00,LSK,23.217299999999998
2023-05-17 03:00:00,LSK,23.661461363636363
2023-05-17 04:00:00,LSK,23.27030952380952
2023-05-17 05:00:00,LSK,23.292461904761904
2023-05-17 06:00:00,LSK,23.73114090909091
2023-05-17 07:00:00,LSK,23.51350689655173
2023-05-17 08:00:00,LSK,23.24576666666666
2023-05-17 09:00:00,LSK,22.8697375
2023-05-17 10:00:00,LSK,23.082187499999996
2023-05-17 11:00:00,LSK,22.770714285714284
2023-05-17 12:00:00,LSK,22.80391764705882
2023-05-17 13:00:00,LSK,22.767046666666666
2023-05-17 14:00:00,LSK,22.94823333333334
2023-05-17 15:00:00,LSK,22.692961904761905
2023-05-17 16:00:00,LSK,22.665157142857144
2023-05-17 17:00:00,LSK,22.623614285714286
2023-05-17 18:00:00,LSK,22.762287096774195
2023-05-17 19:00:00,LSK,22.881322222222224
2023-05-17 20:00:00,LSK,23.040763157894734
2023-05-17 21:00:00,LSK,22.926434482758623
2023-05-17 22:00:00,LSK,23.243619999999996
2023-05-17 23:00:00,LSK,23.393809375
2023-05-18 00:00:00,LSK,23.24985882352942
2023-05-18 01:00:00,LSK,23.106679166666666
2023-05-18 02:00:00,LSK,23.103055
2023-05-18 03:00:00,LSK,23.720502380952375
2023-05-18 04:00:00,LSK,23.235979999999998
2023-05-18 05:00:00,LSK,23.325421739130434
2023-05-18 06:00:00,LSK,23.341428571428573
2023-05-18 07:00:00,LSK,23.39848125
2023-05-18 10:00:00,LSK,22.941836666666674
2023-05-18 11:00:00,LSK,22.90099
2023-05-18 12:00:00,LSK,22.91307
2023-05-18 13:00:00,LSK,22.856652173913048
2023-05-18 14:00:00,LSK,23.123420000000003
2023-05-18 15:00:00,LSK,22.9650125
2023-05-18 16:00:00,LSK,23.03012058823529
2023-05-18 17:00:00,LSK,23.04004193548387
2023-05-18 18:00:00,LSK,23.297809090909087
2023-05-18 19:00:00,LSK,23.139641025641026
2023-05-18 20:00:00,LSK,22.85139473684211
2023-05-18 21:00:00,LSK,22.975814814814818
2023-05-18 22:00:00,LSK,23.337261290322584
2023-05-18 23:00:00,LSK,23.447964285714285
2023-05-19 00:00:00,LSK,23.430097058823524
2023-05-19 01:00:00,LSK,23.15116666666667
2023-05-19 02:00:00,LSK,23.709065624999997
2023-05-19 03:00:00,LSK,23.784866666666662
2023-05-19 04:00:00,LSK,23.279975000000004
2023-05-19 05:00:00,LSK,23.244386363636366
2023-05-19 06:00:00,LSK,23.280904166666673
2023-05-19 07:00:00,LSK,23.497819999999994
2023-05-19 08:00:00,LSK,23.531362499999997
2023-05-19 09:00:00,LSK,23.032485
2023-05-19 10:00:00,LSK,22.998384848484854
2023-05-19 11:00:00,LSK,23.01444
2023-05-19 12:00:00,LSK,22.971652173913046
2023-05-19 13:00:00,LSK,22.98809310344828
2023-05-19 14:00:00,LSK,23.209049999999998
2023-05-19 15:00:00,LSK,23.16217428571428
2023-05-19 16:00:00,LSK,23.069815
2023-05-19 17:00:00,LSK,23.128271794871793
2023-05-19 18:00:00,LSK,22.9439303030303
2023-05-19 19:00:00,LSK,23.06704705882353
2023-05-19 20:00:00,LSK,23.495268181818187
2023-05-19 21:00:00,LSK,23.19503142857143
2023-05-19 22:00:00,LSK,23.128231818181817
2023-05-19 23:00:00,LSK,23.228769999999994
2023-05-20 00:00:00,LSK,23.468983333333323
2023-05-20 01:00:00,LSK,23.248775000000002
2023-05-20 02:00:00,LSK,23.631722580645167
2023-05-20 03:00:00,LSK,23.75020571428572
2023-05-20 04:00:00,LSK,23.43296896551724
2023-05-20 05:00:00,LSK,23.33597391304348
2023-05-20 06:00:00,LSK,23.360852173913045
2023-05-20 07:00:00,LSK,23.354686956521743
2023-05-20 08:00:00,LSK,23.50222666666667
2023-05-20 09:00:00,LSK,23.305104347826084
2023-05-20 10:00:00,LSK,23.278484374999998
2023-05-20 11:00:00,LSK,23.29312
2023-05-20 12:00:00,LSK,23.26809565217392
2023-05-20 13:00:00,LSK,23.392675
2023-05-20 14:00:00,LSK,23.637346875000002
2023-05-20 15:00:00,LSK,23.301013636363635
2023-05-20 16:00:00,LSK,23.26404090909091
2023-05-20 17:00:00,LSK,23.242995454545454
2023-05-20 18:00:00,LSK,23.855465714285714
2023-05-20 19:00:00,LSK,24.117309090909092
2023-05-20 20:00:00,LSK,23.097437499999998
2023-05-20 21:00:00,LSK,23.501599999999996
2023-05-20 22:00:00,LSK,23.869589655172415
2023-05-20 23:00:00,LSK,23.937203124999993
2023-05-21 00:00:00,LSK,23.63406315789474
2023-05-21 01:00:00,LSK,23.97414516129032
2023-05-21 02:00:00,LSK,23.655536842105263
2023-05-21 03:00:00,LSK,23.698749999999993
2023-05-21 04:00:00,LSK,23.678142105263156
2023-05-21 05:00:00,LSK,23.686763157894735
2023-05-21 06:00:00,LSK,23.823268181818182
2023-05-21 07:00:00,LSK,23.749457894736842
2023-05-21 08:00:00,LSK,24.06017931034483
2023-05-21 09:00:00,LSK,24.04578095238095
2023-05-21 10:00:00,LSK,24.373913333333334
2023-05-21 11:00:00,LSK,24.142623809523812
2023-05-21 12:00:00,LSK,24.08178571428571
2023-05-21 13:00:00,LSK,23.98706111111111
2023-05-21 14:00:00,LSK,24.249547368421048
2023-05-21 15:00:00,LSK,24.49662727272727
2023-05-21 16:00:00,LSK,24.400300000000005
2023-05-21 17:00:00,LSK,24.61685909090909
2023-05-21 18:00:00,LSK,24.551033333333333
2023-05-21 19:00:00,LSK,24.446138888888893
2023-05-21 20:00:00,LSK,25.15700454545454
2023-05-21 21:00:00,LSK,25.026740540540537
2023-05-21 22:00:00,LSK,24.69535
2023-05-21 23:00:00,LSK,24.950245238095242
2023-05-22 00:00:00,LSK,24.31031052631579
2023-05-22 01:00:00,LSK,24.719303125
2023-05-22 02:00:00,LSK,24.303231578947372
2023-05-22 03:00:00,LSK,24.72412903225806
2023-05-22 04:00:00,LSK,24.314363157894743
2023-05-22 05:00:00,LSK,24.862005882352946
2023-05-22 06:00:00,LSK,24.397115789473684
2023-05-22 07:00:00,LSK,24.415690909090905
2023-05-22 08:00:00,LSK,24.239218518518516
2023-05-22 09:00:00,LSK,23.877359090909092
2023-05-22 10:00:00,LSK,23.87246818181819
2023-05-22 11:00:00,LSK,23.880122727272724
2023-05-22 12:00:00,LSK,23.838199999999997
2023-05-22 13:00:00,LSK,23.80570952380952
2023-05-22 14:00:00,LSK,23.867037500000002
2023-05-22 15:00:00,LSK,23.805440625000003
2023-05-22 16:00:00,LSK,23.657052380952383
2023-05-22 17:00:00,LSK,23.80301052631579
2023-05-22 18:00:00,LSK,23.682475000000004
2023-05-22 19:00:00,LSK,23.794872222222224
2023-05-22 20:00:00,LSK,23.707274999999996
2023-05-22 21:00:00,LSK,23.67274210526316
2023-05-22 22:00:00,LSK,23.85064444444445
2023-05-22 23:00:00,LSK,24.343690000000002
2023-05-23 00:00:00,LSK,24.23569032258064
2023-05-23 01:00:00,LSK,24.042947619047617
2023-05-23 02:00:00,LSK,23.95176818181818
2023-05-23 03:00:00,LSK,24.323788571428572
2023-05-23 04:00:00,LSK,24.330968965517247
2023-05-23 05:00:00,LSK,24.274720588235294
2023-05-23 06:00:00,LSK,24.417990625000005
2023-05-23 07:00:00,LSK,24.112657894736845
2023-05-23 08:00:00,LSK,24.122825
2023-05-23 09:00:00,LSK,23.829479487179483
2023-05-23 10:00:00,LSK,23.697713636363634
2023-05-23 11:00:00,LSK,23.669981818181817
2023-05-23 12:00:00,LSK,23.6957
2023-05-23 13:00:00,LSK,23.575740625
2023-05-23 14:00:00,LSK,23.553014285714283
2023-05-23 15:00:00,LSK,23.556809374999997
2023-05-23 16:00:00,LSK,23.447808571428574
2023-05-23 17:00:00,LSK,23.44446190476191
2023-05-23 18:00:00,LSK,23.418368181818177
2023-05-23 19:00:00,LSK,23.42220769230769
2023-05-23 20:00:00,LSK,23.501230769230766
2023-05-23 21:00:00,LSK,23.548307407407403
2023-05-23 22:00:00,LSK,23.86306153846154
2023-05-23 23:00:00,LSK,23.922003030303028
2023-05-24 00:00:00,LSK,23.875431578947364
2023-05-24 01:00:00,LSK,23.92249090909091
2023-05-24 02:00:00,LSK,23.97648421052632
2023-05-24 03:00:00,LSK,24.205759999999998
2023-05-24 04:00:00,LSK,24.02422631578947
2023-05-24 05:00:00,LSK,24.042677272727268
2023-05-24 06:00:00,LSK,24.043990909090905
2023-05-24 07:00:00,LSK,24.020157894736844
2023-05-24 08:00:00,LSK,23.928800000000006
2023-05-24 09:00:00,LSK,23.586273684210532
2023-05-24 10:00:00,LSK,23.396531818181817
2023-05-24 11:00:00,LSK,23.36905625
2023-05-24 12:00:00,LSK,23.431268181818186
2023-05-24 13:00:00,LSK,23.38014137931035
2023-05-24 14:00:00,LSK,23.406543333333328
2023-05-24 15:00:00,LSK,23.279168181818182
2023-05-24 16:00:00,LSK,23.24533428571429
2023-05-24 17:00:00,LSK,23.151463636363633
2023-05-24 18:00:00,LSK,23.173580952380952
2023-05-24 19:00:00,LSK,23.28912272727273
2023-05-24 20:00:00,LSK,23.358318181818184
2023-05-24 21:00:00,LSK,23.436749999999996
2023-05-24 22:00:00,LSK,23.607106666666674
2023-05-24 23:00:00,LSK,23.75337931034483
2023-05-25 00:00:00,LSK,23.819941379310347
2023-05-25 01:00:00,LSK,23.70915909090909
2023-05-25 02:00:00,LSK,23.73190454545454
2023-05-25 03:00:00,LSK,23.918464285714286
2023-05-25 04:00:00,LSK,23.75888421052632
2023-05-25 05:00:00,LSK,23.77678636363637
2023-05-25 06:00:00,LSK,23.79762272727273
2023-05-25 07:00:00,LSK,23.751518181818177
2023-05-25 08:00:00,LSK,23.737602439024382
2023-05-25 09:00:00,LSK,23.47154210526316
2023-05-25 10:00:00,LSK,23.358199999999997
2023-05-25 11:00:00,LSK,23.336690624999996
2023-05-25 12:00:00,LSK,23.385792857142857
2023-05-25 13:00:00,LSK,23.361768181818185
2023-05-25 14:00:00,LSK,23.514803225806446
2023-05-25 15:00:00,LSK,23.392977272727272
2023-05-25 16:00:00,LSK,23.38678636363636
2023-05-25 17:00:00,LSK,23.517142105263154
2023-05-25 18:00:00,LSK,23.315128571428573
2023-05-25 19:00:00,LSK,23.41825294117647
2023-05-25 20:00:00,LSK,23.467953125
2023-05-25 21:00:00,LSK,23.586355172413786
2023-05-25 22:00:00,LSK,23.692949999999996
2023-05-25 23:00:00,LSK,23.797668292682925
2023-05-26 00:00:00,LSK,23.777268421052632
2023-05-26 01:00:00,LSK,23.7992
2023-05-26 02:00:00,LSK,23.78598636363637
2023-05-26 03:00:00,LSK,23.946406250000003
2023-05-26 04:00:00,LSK,23.925594736842104
2023-05-26 05:00:00,LSK,23.87445909090909
2023-05-26 06:00:00,LSK,23.86737272727273
2023-05-26 07:00:00,LSK,23.66065
2023-05-26 08:00:00,LSK,23.599628124999995
2023-05-26 09:00:00,LSK,23.539215789473687
2023-05-26 10:00:00,LSK,23.39038181818181
2023-05-26 11:00:00,LSK,23.44746818181818
2023-05-26 12:00:00,LSK,23.562533333333327
2023-05-26 13:00:00,LSK,23.5497
2023-05-26 14:00:00,LSK,23.8731125
2023-05-26 15:00:00,LSK,23.432477272727272
2023-05-26 16:00:00,LSK,23.5837625
2023-05-26 17:00:00,LSK,23.67055161290322
2023-05-26 18:00:00,LSK,23.767231250000002
2023-05-26 19:00:00,LSK,24.198213043478262
2023-05-26 20:00:00,LSK,23.919900000000002
2023-05-26 21:00:00,LSK,24.125806896551726
2023-05-26 22:00:00,LSK,23.960215625000004
2023-05-26 23:00:00,LSK,24.249750000000002
2023-05-27 00:00:00,LSK,24.05269444444444
2023-05-27 01:00:00,LSK,23.9706
2023-05-27 02:00:00,LSK,24.255509375000003
2023-05-27 03:00:00,LSK,24.20093928571429
2023-05-27 04:00:00,LSK,24.021284210526314
2023-05-27 05:00:00,LSK,23.982364999999998
2023-05-27 06:00:00,LSK,24.23185294117647
2023-05-27 07:00:00,LSK,24.081126315789472
2023-05-27 08:00:00,LSK,24.089982758620685
2023-05-27 09:00:00,LSK,23.845040909090912
2023-05-27 10:00:00,LSK,23.823786363636362
2023-05-27 11:00:00,LSK,23.809931818181823
2023-05-27 12:00:00,LSK,23.83550909090909
2023-05-27 13:00:00,LSK,23.8518
2023-05-27 14:00:00,LSK,23.85247272727273
2023-05-27 15:00:00,LSK,23.875104545454544
2023-05-27 16:00:00,LSK,23.904072727272727
2023-05-27 17:00:00,LSK,23.951477272727267
2023-05-27 18:00:00,LSK,24.059218181818178
2023-05-27 19:00:00,LSK,24.5284
2023-05-27 20:00:00,LSK,24.495036363636366
2023-05-27 21:00:00,LSK,24.15472916666667
2023-05-27 22:00:00,LSK,24.534414634146344
2023-05-27 23:00:00,LSK,24.498052941176475
2023-05-28 00:00:00,LSK,24.282157894736837
2023-05-28 01:00:00,LSK,24.283657894736837
2023-05-28 02:00:00,LSK,24.31523684210526
2023-05-28 03:00:00,LSK,24.553794285714293
2023-05-28 04:00:00,LSK,24.312978947368425
2023-05-28 05:00:00,LSK,24.507933333333334
2023-05-28 06:00:00,LSK,24.272268181818188
2023-05-28 07:00:00,LSK,24.182745454545458
2023-05-28 08:00:00,LSK,24.106772413793095
2023-05-28 09:00:00,LSK,23.976399999999998
2023-05-28 10:00:00,LSK,24.047713636363632
2023-05-28 11:00:00,LSK,24.151509523809526
2023-05-28 12:00:00,LSK,24.62617714285714
2023-05-28 13:00:00,LSK,24.1095
2023-05-28 14:00:00,LSK,24.718103225806452
2023-05-28 15:00:00,LSK,24.777626470588235
2023-05-28 16:00:00,LSK,24.186168181818186
2023-05-28 17:00:00,LSK,24.30351428571429
2023-05-28 18:00:00,LSK,24.35375454545454
2023-05-28 19:00:00,LSK,25.182609090909093
2023-05-28 20:00:00,LSK,24.43200555555556
2023-05-28 21:00:00,LSK,24.39981666666667
2023-05-28 22:00:00,LSK,24.841473076923076
2023-05-28 23:00:00,LSK,24.641880952380948
2023-05-29 00:05:00,LSK,24.38950555555555
2023-05-29 00:35:00,LSK,24.33851764705882
2023-05-29 01:00:00,LSK,24.481138461538464
2023-05-29 01:30:00,LSK,24.504215384615385
2023-05-29 02:00:00,LSK,24.427823809523808
2023-05-29 02:35:00,LSK,24.19652307692307
2023-05-29 03:00:00,LSK,24.358290909090908
2023-05-29 03:30:00,LSK,24.737617647058826
2023-05-29 04:05:00,LSK,24.361147058823533
2023-05-29 04:35:00,LSK,24.423672222222223
2023-05-29 05:00:00,LSK,24.411495454545456
2023-05-29 05:35:00,LSK,24.413305555555556
2023-05-29 06:00:00,LSK,24.297521052631577
2023-05-29 06:35:00,LSK,24.35195294117647
2023-05-29 07:00:00,LSK,24.352404545454544
2023-05-29 07:35:00,LSK,24.39431666666667
2023-05-29 08:05:00,LSK,24.391403846153842
2023-05-29 08:40:00,LSK,24.023320833333333
2023-05-29 09:05:00,LSK,24.04761764705882
2023-05-29 09:35:00,LSK,24.056083333333333
2023-05-29 10:00:00,LSK,23.922427272727273
2023-05-29 10:30:00,LSK,23.629970588235295
2023-05-29 11:05:00,LSK,23.981758823529415
2023-05-29 11:35:00,LSK,23.98428235294118
2023-05-29 12:05:00,LSK,23.929670588235293
2023-05-29 12:35:00,LSK,24.099405882352947
2023-05-29 13:05:00,LSK,23.916217647058822
2023-05-29 13:35:00,LSK,23.983538888888884
2023-05-29 14:10:00,LSK,23.67597
2023-05-29 14:35:00,LSK,23.759999999999994
2023-05-29 15:00:00,LSK,23.684373913043483
2023-05-29 15:35:00,LSK,23.502178947368424
2023-05-29 16:05:00,LSK,23.41115263157895
2023-05-29 16:35:00,LSK,23.21341176470588
2023-05-29 17:00:00,LSK,23.39400909090909
2023-05-29 17:35:00,LSK,23.450644444444443
2023-05-29 18:00:00,LSK,23.416700000000002
2023-05-29 18:40:00,LSK,23.51337
2023-05-29 19:15:00,LSK,23.383787500000004
2023-05-29 19:45:00,LSK,23.397693750000002
2023-05-29 20:10:00,LSK,23.96189090909091
2023-05-29 20:30:00,LSK,23.483409999999996
2023-05-29 21:15:00,LSK,23.050571428571427
2023-05-29 21:35:00,LSK,23.64020555555556
2023-05-29 22:05:00,LSK,24.063182608695648
2023-05-29 22:35:00,LSK,24.13090909090909
2023-05-29 23:05:00,LSK,23.899285714285714
2023-05-29 23:30:00,LSK,23.766830434782605
2023-05-30 00:05:00,LSK,23.777936842105266
2023-05-30 00:35:00,LSK,23.812663157894736
2023-05-30 01:00:00,LSK,23.85207391304348
2023-05-30 01:35:00,LSK,23.4480375
2023-05-30 02:00:00,LSK,23.840555
2023-05-30 02:35:00,LSK,24.123394117647056
2023-05-30 03:00:00,LSK,23.958377272727272
2023-05-30 03:30:00,LSK,24.354191999999998
2023-05-30 04:00:00,LSK,24.34134285714286
2023-05-30 04:35:00,LSK,23.88939473684211
2023-05-30 05:00:00,LSK,23.920126315789474
2023-05-30 05:49:00,LSK,23.860818181818182
2023-05-30 06:05:00,LSK,23.9291
2023-05-30 06:35:00,LSK,23.900668421052636
2023-05-30 07:00:00,LSK,23.91036363636363
2023-05-30 07:35:00,LSK,23.955473684210528
2023-05-30 08:05:00,LSK,23.985858620689655
2023-05-30 08:35:00,LSK,23.581983333333337
2023-05-30 09:00:00,LSK,23.366643478260865
2023-05-30 09:35:00,LSK,23.38208947368421
2023-05-30 10:00:00,LSK,23.30259565217391
2023-05-30 10:30:00,LSK,23.24052608695652
2023-05-30 11:00:00,LSK,23.355130000000003
2023-05-30 11:35:00,LSK,23.192794736842107
2023-05-30 12:00:00,LSK,23.178995238095244
2023-05-30 12:35:00,LSK,23.14675789473684
2023-05-30 13:05:00,LSK,23.27844074074074
2023-05-30 13:35:00,LSK,23.185799999999993
2023-05-30 14:05:00,LSK,23.373111111111108
2023-05-30 14:35:00,LSK,23.195578947368425
2023-05-30 15:05:00,LSK,23.406750000000002
2023-05-30 15:35:00,LSK,23.695323333333338
2023-05-30 16:05:00,LSK,23.290638095238094
2023-05-30 16:30:00,LSK,23.281283333333334
2023-05-30 17:05:00,LSK,23.326144999999993
2023-05-30 17:35:00,LSK,23.618440000000003
2023-05-30 18:05:00,LSK,23.262660000000004
2023-05-30 18:35:00,LSK,24.213846153846152
2023-05-30 19:05:00,LSK,23.357547368421052
2023-05-30 19:35:00,LSK,23.733623076923077
2023-05-30 20:20:00,LSK,24.35555454545455
2023-05-30 20:35:00,LSK,23.59341
2023-05-30 21:15:00,LSK,23.890205555555557
2023-05-30 21:35:00,LSK,23.63919230769231
2023-05-30 22:05:00,LSK,23.913166666666665
2023-05-30 22:35:00,LSK,24.159847826086956
2023-05-30 23:05:00,LSK,24.056356250000004
2023-05-30 23:30:00,LSK,24.198846875000005
2023-05-31 00:05:00,LSK,23.922257894736845
2023-05-31 00:35:00,LSK,23.841266666666666
2023-05-31 01:00:00,LSK,23.94737916666666
2023-05-31 01:35:00,LSK,23.949845000000003
2023-05-31 02:05:00,LSK,24.020411111111112
2023-05-31 02:35:00,LSK,23.85907619047619
2023-05-31 03:00:00,LSK,23.922221739130435
2023-05-31 03:35:00,LSK,24.37135
2023-05-31 04:05:00,LSK,23.96099047619047
2023-05-31 04:30:00,LSK,23.9626347826087
2023-05-31 05:00:00,LSK,24.05642173913044
2023-05-31 05:35:00,LSK,23.986377777777776
2023-05-31 06:05:00,LSK,23.95551578947368
2023-05-31 06:35:00,LSK,23.954925000000003
2023-05-31 07:00:00,LSK,24.017533333333336
2023-05-31 07:35:00,LSK,23.980515000000004
2023-05-31 08:05:00,LSK,24.039335483870975
2023-05-31 08:35:00,LSK,23.59946
2023-05-31 09:00:00,LSK,23.379986363636363
2023-05-31 09:35:00,LSK,23.28597
2023-05-31 10:00:00,LSK,23.495724242424252
2023-05-31 10:30:00,LSK,23.175494444444443
2023-05-31 11:05:00,LSK,23.265552631578952
2023-05-31 11:35:00,LSK,23.3208
2023-05-31 12:00:00,LSK,23.315604347826085
2023-05-31 12:35:00,LSK,23.23848947368421
2023-05-31 13:00:00,LSK,23.318169565217392
2023-05-31 13:35:00,LSK,23.320895
2023-05-31 14:05:00,LSK,23.52393
2023-05-31 14:35:00,LSK,23.28586111111111
2023-05-31 15:00:00,LSK,23.20069565217391
2023-05-31 15:35:00,LSK,23.445245161290316
2023-05-31 16:00:00,LSK,23.03617826086957
2023-05-31 16:30:00,LSK,22.993890909090908
2023-05-31 17:00:00,LSK,23.128804347826087
2023-05-31 17:35:00,LSK,23.298096551724136
2023-05-31 18:00:00,LSK,23.38956666666667
2023-05-31 18:35:00,LSK,23.50228461538461
2023-05-31 19:10:00,LSK,23.451752380952385
2023-05-31 19:40:00,LSK,23.45494210526316
2023-05-31 20:15:00,LSK,23.285949999999996
2023-05-31 20:30:00,LSK,23.37804
2023-05-31 21:05:00,LSK,23.569363157894735
2023-05-31 21:35:00,LSK,23.59938947368421
2023-05-31 22:15:00,LSK,23.460768750000003
2023-05-31 22:45:00,LSK,23.813626315789474
2023-05-31 23:05:00,LSK,23.75046842105263
2023-05-31 23:30:00,LSK,23.751704347826088
2023-06-01 00:05:00,LSK,23.88590555555556
2023-06-01 00:35:00,LSK,23.767889473684214
2023-06-01 01:00:00,LSK,23.805343478260877
2023-06-01 01:35:00,LSK,23.74175789473684
2023-06-01 02:05:00,LSK,23.70876842105263
2023-06-01 02:35:00,LSK,23.640205555555557
2023-06-01 03:00:00,LSK,23.820176190476193
2023-06-01 03:40:00,LSK,24.250271052631582
2023-06-01 04:00:00,LSK,23.819845
2023-06-01 04:30:00,LSK,23.852454545454545
2023-06-01 05:05:00,LSK,24.103964705882355
2023-06-01 05:35:00,LSK,23.93337
2023-06-01 06:05:00,LSK,23.922029999999996
2023-06-01 06:30:00,LSK,23.75184545454545
2023-06-01 07:00:00,LSK,24.058318181818176
2023-06-01 07:35:00,LSK,23.726152631578948
2023-06-01 08:05:00,LSK,24.121229166666662
2023-06-01 08:35:00,LSK,23.503866666666667
2023-06-01 09:00:00,LSK,23.179621739130436
2023-06-01 09:35:00,LSK,23.136564999999997
2023-06-01 10:00:00,LSK,23.05046956521739
2023-06-01 10:30:00,LSK,23.01280555555556
2023-06-01 11:00:00,LSK,23.018134782608694
2023-06-01 11:35:00,LSK,23.162364999999994
2023-06-01 12:00:00,LSK,23.14434761904762
2023-06-01 12:35:00,LSK,23.198642105263154
2023-06-01 13:05:00,LSK,23.191036842105262
2023-06-01 13:30:00,LSK,23.140000000000004
2023-06-01 14:05:00,LSK,23.20128947368421
2023-06-01 14:35:00,LSK,23.242689473684205
2023-06-01 15:00:00,LSK,23.27716818181818
2023-06-01 15:35:00,LSK,23.323409999999996
2023-06-01 16:00:00,LSK,23.237747826086956
2023-06-01 16:35:00,LSK,23.330077777777777
2023-06-01 17:05:00,LSK,23.368116666666666
2023-06-01 17:35:00,LSK,23.354203333333334
2023-06-01 18:05:00,LSK,23.351945161290324
2023-06-01 18:30:00,LSK,23.408136
2023-06-01 19:00:00,LSK,23.198785000000004
2023-06-01 19:35:00,LSK,23.10932727272727
2023-06-01 20:00:00,LSK,23.716578571428567
2023-06-01 21:20:00,LSK,23.82045833333333
2023-06-01 21:50:00,LSK,23.839281818181817
2023-06-01 22:00:00,LSK,23.359309523809525
2023-06-01 22:35:00,LSK,23.611159090909087
2023-06-01 23:00:00,LSK,23.502275000000004
2023-06-01 23:30:00,LSK,23.59116315789474
2023-06-02 00:05:00,LSK,23.950334482758624
2023-06-02 00:30:00,LSK,23.637245454545454
2023-06-02 01:00:00,LSK,24.094042424242424
2023-06-02 01:35:00,LSK,23.995400000000004
2023-06-02 02:00:00,LSK,24.280570731707314
2023-06-02 02:30:00,LSK,24.14435625
2023-06-02 03:05:00,LSK,24.168617241379312
2023-06-02 03:30:00,LSK,24.220218749999997
2023-06-02 04:05:00,LSK,23.99271428571429
2023-06-02 04:30:00,LSK,24.019295833333334
2023-06-02 05:05:00,LSK,24.275883333333333
2023-06-02 05:35:00,LSK,24.225916129032253
2023-06-02 06:05:00,LSK,24.469747499999993
2023-06-02 06:35:00,LSK,24.21734615384614
2023-06-02 07:00:00,LSK,24.201855882352937
2023-06-02 07:30:00,LSK,24.185542424242428
2023-06-02 08:10:00,LSK,24.381516666666666
2023-06-02 08:30:00,LSK,23.41101428571429
2023-06-02 09:15:00,LSK,23.366073076923076
2023-06-02 09:30:00,LSK,23.50547083333333
2023-06-02 10:00:00,LSK,23.537456410256407
2023-06-02 10:35:00,LSK,23.687637499999997
2023-06-02 11:10:00,LSK,23.54074871794872
2023-06-02 11:35:00,LSK,23.305296666666663
2023-06-02 12:15:00,LSK,23.291416666666663
2023-06-02 12:30:00,LSK,23.2732875
2023-06-02 13:05:00,LSK,23.48043421052632
2023-06-02 13:35:00,LSK,23.26407142857143
2023-06-02 14:10:00,LSK,23.576306666666667
2023-06-02 14:35:00,LSK,23.351565
2023-06-02 15:05:00,LSK,23.27159047619048
2023-06-02 15:30:00,LSK,23.455979545454547
2023-06-02 16:05:00,LSK,23.381841935483877
2023-06-02 16:35:00,LSK,23.33382380952381
2023-06-02 17:05:00,LSK,23.463468965517237
2023-06-02 17:35:00,LSK,23.46473170731707
2023-06-02 18:05:00,LSK,23.486015
2023-06-02 18:30:00,LSK,23.475925
2023-06-02 19:00:00,LSK,23.663834782608696
2023-06-02 19:40:00,LSK,23.65371428571428
2023-06-02 20:05:00,LSK,23.709735714285717
2023-06-02 20:45:00,LSK,23.40037777777778
2023-06-02 21:10:00,LSK,23.72945789473684
2023-06-02 21:50:00,LSK,23.763872727272727
2023-06-02 22:15:00,LSK,23.341512500000004
2023-06-02 22:30:00,LSK,23.488839999999996
2023-06-02 23:05:00,LSK,24.131949999999993
2023-06-02 23:35:00,LSK,24.300293333333336
2023-06-03 00:05:00,LSK,24.313283999999996
2023-06-03 00:35:00,LSK,24.132253125
2023-06-03 01:10:00,LSK,24.257189189189187
2023-06-03 01:35:00,LSK,24.105043478260868
2023-06-03 02:00:00,LSK,24.31272045454546
2023-06-03 02:30:00,LSK,24.327640740740737
2023-06-03 03:05:00,LSK,24.15730476190476
2023-06-03 03:40:00,LSK,24.221067857142856
2023-06-03 04:05:00,LSK,24.296016129032257
2023-06-03 04:30:00,LSK,24.36155813953488
2023-06-03 05:00:00,LSK,24.28960857142857
2023-06-03 05:30:00,LSK,24.27420294117647
2023-06-03 06:00:00,LSK,24.23804117647059
2023-06-03 06:35:00,LSK,24.185454545454547
2023-06-03 07:05:00,LSK,24.34912580645161
2023-06-03 07:35:00,LSK,24.063177272727273
2023-06-03 08:00:00,LSK,23.650461904761908
2023-06-03 08:50:00,LSK,24.150045000000002
2023-06-03 09:10:00,LSK,24.009047368421054
2023-06-03 09:35:00,LSK,24.057346666666664
2023-06-03 10:05:00,LSK,23.982478571428576
2023-06-03 10:30:00,LSK,23.992481395348836
2023-06-03 11:10:00,LSK,23.92173142857143
2023-06-03 11:30:00,LSK,23.871862222222223
2023-06-03 12:00:00,LSK,23.640017391304344
2023-06-03 12:30:00,LSK,23.732952941176475
2023-06-03 13:05:00,LSK,23.714600000000004
2023-06-03 13:30:00,LSK,23.648312
2023-06-03 14:05:00,LSK,23.675677272727274
2023-06-03 14:30:00,LSK,23.595320000000005
2023-06-03 15:00:00,LSK,23.776104347826088
2023-06-03 15:35:00,LSK,23.96733666666666
2023-06-03 16:00:00,LSK,23.799177777777782
2023-06-03 16:35:00,LSK,23.761239999999994
2023-06-03 17:05:00,LSK,24.070670000000003
2023-06-03 17:30:00,LSK,23.95864285714286
2023-06-03 18:05:00,LSK,23.706890000000005
2023-06-03 18:50:00,LSK,24.38236
2023-06-03 19:10:00,LSK,23.976729999999996
2023-06-03 19:30:00,LSK,23.708538461538463
2023-06-03 20:15:00,LSK,23.794966666666667
2023-06-03 20:45:00,LSK,23.8077
2023-06-03 21:10:00,LSK,23.94330909090909
2023-06-03 21:30:00,LSK,24.119103030303034
2023-06-03 22:05:00,LSK,24.05714761904762
2023-06-03 22:35:00,LSK,24.288490000000003
2023-06-03 23:05:00,LSK,24.26997727272727
2023-06-03 23:30:00,LSK,24.045376190476187
2023-06-04 00:05:00,LSK,24.400933333333338
2023-06-04 00:30:00,LSK,24.063666666666666
2023-06-04 01:00:00,LSK,24.342795652173912
2023-06-04 01:30:00,LSK,24.476444000000004
2023-06-04 02:05:00,LSK,24.234885
2023-06-04 02:30:00,LSK,24.339907999999994
2023-06-04 03:00:00,LSK,24.455814705882354
2023-06-04 03:44:00,LSK,24.495555
2023-06-04 04:05:00,LSK,24.564149999999998
2023-06-04 04:30:00,LSK,24.274973684210522
2023-06-04 05:05:00,LSK,24.569710526315788
2023-06-04 05:30:00,LSK,24.62276666666666
2023-06-04 06:05:00,LSK,24.65476451612903
2023-06-04 06:30:00,LSK,24.634647727272725
2023-06-04 07:05:00,LSK,24.728020000000004
2023-06-04 07:35:00,LSK,24.72556153846154
2023-06-04 08:05:00,LSK,24.86493043478261
2023-06-04 08:55:00,LSK,24.344822222222223
2023-06-04 09:05:00,LSK,24.493457894736842
2023-06-04 09:30:00,LSK,24.352123809523807
2023-06-04 10:00:00,LSK,24.47020909090909
2023-06-04 10:30:00,LSK,24.528634883720933
2023-06-04 11:00:00,LSK,24.534095454545454
2023-06-04 11:30:00,LSK,24.54829777777778
2023-06-04 12:00:00,LSK,24.39
2023-06-04 12:30:00,LSK,24.571433333333328
2023-06-04 13:00:00,LSK,24.65179428571429
2023-06-04 13:35:00,LSK,24.61903333333334
2023-06-04 14:05:00,LSK,24.55143666666667
2023-06-04 14:30:00,LSK,24.378796
2023-06-04 15:00:00,LSK,24.776476470588232
2023-06-04 15:30:00,LSK,24.903550000000003
2023-06-04 16:05:00,LSK,24.6935724137931
2023-06-04 16:30:00,LSK,24.237466666666663
2023-06-04 17:00:00,LSK,24.546669565217393
2023-06-04 17:35:00,LSK,25.0579275
2023-06-04 18:05:00,LSK,25.138991666666666
2023-06-04 18:40:00,LSK,25.220185000000008
2023-06-04 19:05:00,LSK,25.03118333333333
2023-06-04 19:30:00,LSK,24.806137499999995
2023-06-04 20:05:00,LSK,25.377100000000002
2023-06-04 20:30:00,LSK,24.573966666666664
2023-06-04 21:00:00,LSK,24.64919375000001
2023-06-04 21:35:00,LSK,25.440057142857146
2023-06-04 22:00:00,LSK,24.41445
2023-06-04 22:30:00,LSK,24.837009677419356
2023-06-04 23:05:00,LSK,24.928693333333335
2023-06-04 23:40:00,LSK,24.730260714285716
2023-06-05 00:10:00,LSK,25.044208571428573
2023-06-05 00:35:00,LSK,25.081182500000004
2023-06-05 01:05:00,LSK,25.164376666666666
2023-06-05 01:30:00,LSK,24.957882608695655
2023-06-05 02:00:00,LSK,24.85762307692308
2023-06-05 02:30:00,LSK,25.085072222222223
2023-06-05 03:00:00,LSK,25.100745238095236
2023-06-05 03:40:00,LSK,25.058896153846163
2023-06-05 04:10:00,LSK,24.943059090909095
2023-06-05 04:30:00,LSK,25.045078787878786
2023-06-05 05:00:00,LSK,25.06219069767441
2023-06-05 05:35:00,LSK,25.23406842105263
2023-06-05 06:05:00,LSK,25.17953170731707
2023-06-05 06:30:00,LSK,25.044825
2023-06-05 07:00:00,LSK,25.026408888888884
2023-06-05 07:30:00,LSK,24.933078260869564
2023-06-05 08:05:00,LSK,24.907945161290318
2023-06-05 08:40:00,LSK,24.38175
2023-06-05 09:00:00,LSK,23.95340930232558
2023-06-05 09:30:00,LSK,23.97969677419355
2023-06-05 10:10:00,LSK,23.92099189189189
2023-06-05 10:30:00,LSK,23.86791851851852
2023-06-05 11:00:00,LSK,23.873517391304343
2023-06-05 11:35:00,LSK,23.733430769230775
2023-07-18 00:00:00,LSK,24.43168
2023-07-19 00:00:00,LSK,24.13043777777777
2023-07-20 00:00:00,LSK,23.96607777777778
2023-07-21 00:00:00,LSK,23.98244666666666
2023-07-22 00:00:00,LSK,24.361780000000003
2023-07-23 00:00:00,LSK,25.026073333333336
2023-07-24 00:00:00,LSK,24.52631111111111
2023-07-25 00:00:00,LSK,24.103337777777774
2023-07-26 00:00:00,LSK,24.14613777777779
2023-07-27 00:00:00,LSK,24.210271111111116
2023-07-28 00:00:00,LSK,24.122362222222222
2023-07-29 00:00:00,LSK,24.400442222222228
2023-07-30 00:00:00,LSK,24.918815555555557
2023-07-31 00:00:00,LSK,24.264975555555555
2023-08-01 00:00:00,LSK,24.109244444444442
2023-08-02 00:00:00,LSK,24.05747777777778
2023-08-03 00:00:00,LSK,24.152331111111117
2023-08-04 00:00:00,LSK,24.189620000000005
2023-08-05 00:00:00,LSK,24.53650888888889
2023-08-06 00:00:00,LSK,25.094968888888882
2023-08-07 00:00:00,LSK,24.59843555555556
2023-08-08 00:00:00,LSK,24.158917777777773
2023-08-09 00:00:00,LSK,24.033957777777783
2023-08-10 00:00:00,LSK,24.084675555555553
2023-08-11 00:00:00,LSK,23.91710888888889
2023-08-12 00:00:00,LSK,24.206671111111113
2023-08-13 00:00:00,LSK,24.930504444444452
2023-08-14 00:00:00,LSK,24.27409333333334
2023-08-15 00:00:00,LSK,23.87501333333333
2023-08-16 00:00:00,LSK,23.98790888888888
2023-08-17 00:00:00,LSK,23.825313333333334
2023-08-18 00:00:00,LSK,23.75402444444444
2023-08-19 00:00:00,LSK,23.76788444444444
2023-08-20 00:00:00,LSK,24.493286666666663
2023-08-21 00:00:00,LSK,23.933220000000002
2023-08-22 00:00:00,LSK,23.856795555555554
2023-08-23 00:00:00,LSK,23.499084444444442
2023-08-24 00:00:00,LSK,23.619886666666666
2023-08-25 00:00:00,LSK,23.578375555555557
2023-08-26 00:00:00,LSK,23.849813333333334
2023-08-27 00:00:00,LSK,24.50838222222222
2023-08-28 00:00:00,LSK,24.220259999999996
2023-08-29 00:00:00,LSK,23.920017777777787
2023-08-30 00:00:00,LSK,23.740788888888886
2023-08-31 00:00:00,LSK,23.690662222222226
2023-09-01 00:00:00,LSK,24.244757777777785
2023-09-02 00:00:00,LSK,24.513448888888878
2023-09-03 00:00:00,LSK,24.642946666666667
2023-09-04 00:00:00,LSK,23.77011333333333
2023-09-05 00:00:00,LSK,23.92219555555556
2023-09-06 00:00:00,LSK,23.724297777777778
2023-09-07 00:00:00,LSK,23.92382000000001
2023-09-11 00:00:00,LSK,23.46845111111111
2023-09-12 00:00:00,LSK,23.671113333333334
2023-09-13 00:00:00,LSK,23.596486666666664
2023-09-14 00:00:00,LSK,23.605364444444447
2023-09-15 00:00:00,LSK,23.56416444444443
2023-09-16 00:00:00,LSK,23.73064222222223
2023-09-17 00:00:00,LSK,25.433366666666668
2023-09-18 00:00:00,LSK,24.207000000000008
2023-09-19 00:00:00,LSK,23.921862222222227
2023-09-20 00:00:00,LSK,23.819517777777776
2023-09-21 00:00:00,LSK,23.844542222222227
2023-09-22 00:00:00,LSK,23.815155555555567
2023-09-23 00:00:00,LSK,24.15952222222222
2023-09-24 00:00:00,LSK,24.96971111111111
2023-09-25 00:00:00,LSK,24.337515555555555
2023-09-26 00:00:00,LSK,24.12234222222222
2023-09-27 00:00:00,LSK,24.083937777777773
2023-09-28 00:00:00,LSK,24.07334
2023-09-29 00:00:00,LSK,24.038780000000013
2023-09-30 00:00:00,LSK,24.515748888888883
2023-10-01 00:00:00,LSK,25.21920222222221
2023-10-02 00:00:00,LSK,25.273600000000002
2023-10-03 00:00:00,LSK,24.792626666666663
2023-10-05 00:00:00,LSK,23.638902222222228
2023-10-06 00:00:00,LSK,23.878448888888897
2023-10-07 00:00:00,LSK,23.979808888888883
2023-10-08 00:00:00,LSK,24.30227555555556
2023-10-09 00:00:00,LSK,24.071371111111112
2023-10-10 00:00:00,LSK,23.446413333333336
2023-10-11 00:00:00,LSK,23.313095555555552
2023-10-12 00:00:00,LSK,23.273526666666662
2023-10-13 00:00:00,LSK,23.268222222222224
2023-10-14 00:00:00,LSK,23.37242
2023-10-15 00:00:00,LSK,23.68170444444444
2023-10-16 00:00:00,LSK,23.38637555555556
2023-10-17 00:00:00,LSK,23.22762666666666
2023-10-18 00:00:00,LSK,23.208831111111117
2023-10-24 00:00:00,LSK,23.50404444444444
2023-10-25 00:00:00,LSK,23.60178888888889
2023-10-26 00:00:00,LSK,100.14496000000003
2023-10-27 00:00:00,LSK,23.523979545454548
2023-10-28 00:00:00,LSK,23.72908863636364
2023-10-29 00:00:00,LSK,24.37851136363636
2023-10-30 00:00:00,LSK,23.838518181818177
2023-10-31 00:00:00,LSK,23.62310227272728
2023-11-01 00:00:00,LSK,23.591775
2023-11-02 00:00:00,LSK,23.547011363636365
2023-11-03 00:00:00,LSK,23.550756818181814
2023-11-04 00:00:00,LSK,23.845229545454547
2023-11-05 00:00:00,LSK,24.48846818181819
2023-11-06 00:00:00,LSK,23.97401818181818
2023-11-07 00:00:00,LSK,23.77229318181818
2023-11-08 00:00:00,LSK,23.68096136363637
2023-11-09 00:00:00,LSK,23.453436363636364
2023-11-10 00:00:00,LSK,23.49442045454546
2023-11-11 00:00:00,LSK,23.645736363636367
2023-11-12 00:00:00,LSK,24.064213636363636
2023-11-13 00:00:00,LSK,23.516784090909095
2023-11-14 00:00:00,LSK,23.253902272727274
2023-11-15 00:00:00,LSK,23.284170454545457
2023-11-16 00:00:00,LSK,23.30771363636364
2023-11-17 00:00:00,LSK,22.858286363636356
2023-11-18 00:00:00,LSK,22.702759090909083
2023-11-19 00:00:00,LSK,23.194529545454543
2023-11-20 00:00:00,LSK,23.070361363636366
2023-11-21 00:00:00,LSK,23.05504318181818
2023-11-22 00:00:00,LSK,23.12233409090909
2023-11-23 00:00:00,LSK,23.141445454545455
2023-11-24 00:00:00,LSK,23.21515681818182
2023-11-25 00:00:00,LSK,23.28205
2023-11-26 00:00:00,LSK,23.647809090909092
2023-11-27 00:00:00,LSK,23.48357954545455
2023-11-28 00:00:00,LSK,23.21962272727273
2023-11-29 00:00:00,LSK,23.24571590909091
2023-11-30 00:00:00,LSK,23.299240909090916
2023-12-01 00:00:00,LSK,23.14453863636363
2023-12-02 00:00:00,LSK,23.06726590909091
2023-12-03 00:00:00,LSK,23.26762045454545
2023-12-04 00:00:00,LSK,23.10756136363636
2023-12-05 00:00:00,LSK,23.04636590909091
2023-12-06 00:00:00,LSK,23.092754545454543
2023-12-07 00:00:00,LSK,22.824759090909094
2023-12-08 00:00:00,LSK,22.924931818181822
2023-12-09 00:00:00,LSK,23.105927272727275
2023-12-10 00:00:00,LSK,23.44087272727273
2023-12-11 00:00:00,LSK,23.364199999999997
2023-12-12 00:00:00,LSK,23.44388181818181
2023-12-13 00:00:00,LSK,23.380500000000005
2023-12-14 00:00:00,LSK,23.28135909090909
2023-12-15 00:00:00,LSK,23.27001136363636
2023-12-16 00:00:00,LSK,23.05809090909091
2023-12-17 00:00:00,LSK,22.332418181818188
2023-12-18 00:00:00,LSK,22.060918181818185
2023-12-19 00:00:00,LSK,22.05843181818182
2023-12-20 00:00:00,LSK,21.282515909090908
2023-12-21 00:00:00,LSK,20.313331818181815
2023-12-22 00:00:00,LSK,19.52334772727273
2023-12-23 00:00:00,LSK,19.027890909090914
2023-12-24 00:00:00,LSK,19.00698863636364
2023-12-25 00:00:00,LSK,19.37573863636364
2023-12-26 00:00:00,LSK,19.83747727272727
2023-12-27 00:00:00,LSK,20.317075000000003
2023-12-28 00:00:00,LSK,20.882645454545457
2023-12-29 00:00:00,LSK,21.22139772727273
2023-12-30 00:00:00,LSK,21.48718863636364
2023-12-31 00:00:00,LSK,21.942331818181813
2024-01-01 00:00:00,LSK,22.29590909090909
2024-01-02 00:00:00,LSK,22.16179090909091
2024-01-03 00:00:00,LSK,22.02169545454545
2024-01-04 00:00:00,LSK,21.76396363636363
2024-01-05 00:00:00,LSK,21.919311363636368
2024-01-06 00:00:00,LSK,22.135018181818182
2024-01-07 00:00:00,LSK,22.412579545454545
2024-01-08 00:00:00,LSK,22.336279545454545
2024-01-09 00:00:00,LSK,22.314136363636358
2024-01-10 00:00:00,LSK,22.192834090909084
2024-01-11 00:00:00,LSK,22.194388636363637
2024-01-12 00:00:00,LSK,22.179643181818186
2024-01-13 00:00:00,LSK,22.19693181818182
2024-01-14 00:00:00,LSK,22.443561363636373
2024-01-15 00:00:00,LSK,22.458015909090907
2024-01-16 00:00:00,LSK,22.363024999999997
2024-01-17 00:00:00,LSK,22.282338636363633
2024-01-18 00:00:00,LSK,22.442481818181815
2024-01-19 00:00:00,LSK,22.56296818181818
2024-01-20 00:00:00,LSK,22.716820454545452
2024-01-21 00:00:00,LSK,22.675999999999995
2024-01-22 00:00:00,LSK,21.944195454545447
2024-01-23 00:00:00,LSK,19.365838636363637
2024-01-24 00:00:00,LSK,18.154404545454547
2024-01-25 00:00:00,LSK,18.31551363636364
2024-01-26 00:00:00,LSK,18.765015909090913
2024-01-27 00:00:00,LSK,18.86045
2024-01-28 00:00:00,LSK,18.47736818181818
2024-01-29 00:00:00,LSK,18.862013636363642
2024-01-30 00:00:00,LSK,19.702577272727282
2024-01-31 00:00:00,LSK,20.456452272727272
2024-02-01 00:00:00,LSK,21.197672727272728
2024-02-02 00:00:00,LSK,21.496322727272727
2024-02-03 00:00:00,LSK,21.679272727272725
2024-02-04 00:00:00,LSK,21.85625227272727
2024-02-05 00:00:00,LSK,22.03885
2024-02-06 00:00:00,LSK,22.127127272727268
2024-02-07 00:00:00,LSK,21.927627272727275
2024-02-08 00:00:00,LSK,21.268818181818187
2024-02-09 00:00:00,LSK,20.096211363636364
2024-02-10 00:00:00,LSK,19.993138636363636
2024-02-15 00:00:00,LSK,22.270756818181816
2024-02-16 00:00:00,LSK,22.238250000000004
2024-02-21 00:00:00,LSK,22.862415909090906
2024-02-22 00:00:00,LSK,22.99864090909091
2024-02-23 00:00:00,LSK,22.891893181818183
2024-02-24 00:00:00,LSK,22.552509090909084
2024-02-26 00:00:00,LSK,22.390361363636366
2024-02-27 00:00:00,LSK,21.932647727272723
2024-02-28 00:00:00,LSK,22.150268181818177
2024-02-29 00:00:00,LSK,22.237581818181823
2024-03-01 00:00:00,LSK,21.906542857142856
2024-03-01 01:00:00,LSK,21.916272000000003
2024-03-01 02:00:00,LSK,22.03008095238095
2024-03-01 03:00:00,LSK,22.07365882352941
2024-03-01 04:00:00,LSK,21.880992307692303
2024-03-01 05:00:00,LSK,21.55418888888889
2024-03-01 06:00:00,LSK,21.764046511627907
2024-03-01 07:00:00,LSK,21.394103846153847
2024-03-01 08:00:00,LSK,21.406759259259257
2024-03-01 09:00:00,LSK,21.38806086956522
2024-03-01 10:00:00,LSK,21.58351842105263
2024-03-01 11:00:00,LSK,21.372994444444444
2024-03-01 12:00:00,LSK,21.144259999999996
2024-03-01 13:00:00,LSK,21.536846153846152
2024-03-01 14:00:00,LSK,21.156696
2024-03-01 15:00:00,LSK,21.58429642857143
2024-03-01 16:00:00,LSK,21.252510526315792
2024-03-01 17:00:00,LSK,21.008380000000002
2024-03-01 18:00:00,LSK,21.180904166666668
2024-03-01 19:00:00,LSK,20.624549999999992
2024-03-04 20:00:00,LSK,21.57431315789474
2024-03-04 21:00:00,LSK,21.766900000000003
2024-03-04 22:00:00,LSK,21.691740000000003
2024-03-04 23:00:00,LSK,21.654417142857145
2024-03-05 00:00:00,LSK,21.610340909090908
2024-03-05 01:00:00,LSK,21.477094285714283
2024-03-05 02:00:00,LSK,21.379085185185183
2024-03-05 03:00:00,LSK,21.439103703703704
2024-03-05 04:00:00,LSK,21.48994
2024-03-05 05:00:00,LSK,21.287573684210525
2024-03-05 06:00:00,LSK,21.462488571428565
2024-03-05 07:00:00,LSK,21.31685925925925
2024-03-05 08:00:00,LSK,21.269825925925925
2024-03-05 09:00:00,LSK,21.75664166666667
2024-03-05 10:00:00,LSK,22.07869
2024-03-05 11:00:00,LSK,21.716188888888887
2024-03-05 12:00:00,LSK,22.204580555555555
2024-03-05 13:00:00,LSK,21.874821052631578
2024-03-05 14:00:00,LSK,21.927452631578948
2024-03-05 15:00:00,LSK,21.93963157894737
2024-03-05 16:00:00,LSK,21.957944444444447
2024-03-05 17:00:00,LSK,22.09332121212121
2024-03-05 18:00:00,LSK,22.2929
2024-03-05 19:00:00,LSK,21.9362
2024-03-05 20:00:00,LSK,22.16978846153846
2024-03-05 21:00:00,LSK,22.095695652173916
2024-03-05 22:00:00,LSK,22.01296129032258
2024-03-05 23:00:00,LSK,22.386356
2024-03-06 00:00:00,LSK,22.20211428571428
2024-03-06 01:00:00,LSK,22.08835294117647
2024-03-06 02:00:00,LSK,22.215772222222213
2024-03-06 03:00:00,LSK,22.03304411764706
2024-03-06 04:00:00,LSK,21.837373684210526
2024-03-06 05:00:00,LSK,21.920496296296292
2024-03-06 06:00:00,LSK,22.047442857142855
2024-03-06 07:00:00,LSK,21.72758421052632
2024-03-06 08:00:00,LSK,21.808592592592596
2024-03-06 09:00:00,LSK,22.064326470588227
2024-03-06 10:00:00,LSK,22.081
2024-03-06 11:00:00,LSK,22.222800000000003
2024-03-06 12:00:00,LSK,22.502934090909086
2024-03-06 13:00:00,LSK,22.2487
2024-03-06 14:00:00,LSK,22.477557142857144
2024-03-06 15:00:00,LSK,22.518994444444438
2024-03-06 16:00:00,LSK,22.49281111111111
2024-03-06 17:00:00,LSK,22.549361764705882
2024-03-06 18:00:00,LSK,22.4656
2024-03-06 19:00:00,LSK,22.184320000000007
2024-03-06 20:00:00,LSK,22.509441666666664
2024-03-06 21:00:00,LSK,22.490876000000007
2024-03-06 22:00:00,LSK,22.325210344827585
2024-03-06 23:00:00,LSK,22.586456000000002
2024-03-07 00:00:00,LSK,22.164947058823525
2024-03-07 01:00:00,LSK,22.4498
2024-03-07 02:00:00,LSK,22.252280555555554
2024-03-07 03:00:00,LSK,22.223325581395347
2024-03-07 04:00:00,LSK,22.028259999999996
2024-03-07 05:00:00,LSK,21.9594
2024-03-07 06:00:00,LSK,21.990580555555557
2024-03-07 07:00:00,LSK,21.81088076923077
2024-03-07 08:00:00,LSK,21.72184642857143
2024-03-07 09:00:00,LSK,21.859172222222224
2024-03-07 10:00:00,LSK,21.79070344827587
2024-03-07 11:00:00,LSK,21.857662962962962
2024-03-07 12:00:00,LSK,22.0425
2024-03-07 13:00:00,LSK,22.04442222222222
2024-03-07 14:00:00,LSK,22.243052272727276
2024-03-07 15:00:00,LSK,22.14635142857143
2024-03-07 16:00:00,LSK,21.950355
2024-03-07 17:00:00,LSK,22.303827777777776
2024-03-07 18:00:00,LSK,22.24560465116279
2024-03-07 19:00:00,LSK,21.91162380952381
2024-03-07 20:00:00,LSK,21.908724999999997
2024-03-07 21:00:00,LSK,21.894288461538466
2024-03-07 22:00:00,LSK,21.9964
2024-03-07 23:00:00,LSK,21.941417857142856
2024-03-08 00:00:00,LSK,22.104078048780487
2024-03-08 01:00:00,LSK,21.834973529411762
2024-03-08 02:00:00,LSK,21.816648275862068
2024-03-08 03:00:00,LSK,21.74201785714286
2024-03-08 04:00:00,LSK,21.720889285714293
2024-03-08 05:00:00,LSK,21.620409523809528
2024-03-08 06:00:00,LSK,21.739919444444446
2024-03-08 07:00:00,LSK,21.595250000000004
2024-03-08 08:00:00,LSK,21.52270740740741
2024-03-08 09:00:00,LSK,21.6252
2024-03-08 10:00:00,LSK,21.850372093023253
2024-03-08 11:00:00,LSK,21.794285714285714
2024-03-08 12:00:00,LSK,22.116823529411764
2024-03-08 13:00:00,LSK,21.948268965517247
2024-03-08 14:00:00,LSK,22.000962068965514
2024-03-08 15:00:00,LSK,22.151361904761902
2024-03-08 16:00:00,LSK,22.140661111111108
2024-03-08 17:00:00,LSK,22.30725588235294
2024-03-08 18:00:00,LSK,22.101821428571423
2024-03-08 19:00:00,LSK,21.998915
2024-03-08 20:00:00,LSK,22.261808695652174
2024-03-08 21:00:00,LSK,21.960930434782604
2024-03-08 22:00:00,LSK,22.03678666666667
2024-03-08 23:00:00,LSK,22.076786666666667
2024-03-09 00:00:00,LSK,22.186351428571427
2024-03-09 01:00:00,LSK,22.172728571428568
2024-03-09 02:00:00,LSK,21.958208333333328
2024-03-09 03:00:00,LSK,21.940983333333335
2024-03-09 04:00:00,LSK,21.892255172413794
2024-03-09 05:00:00,LSK,21.83735357142857
2024-03-09 06:00:00,LSK,21.782685185185183
2024-03-09 07:00:00,LSK,21.99073714285715
2024-03-09 08:00:00,LSK,21.603809523809527
2024-03-09 09:00:00,LSK,21.607974999999996
2024-03-09 10:00:00,LSK,21.572157575757576
2024-03-09 11:00:00,LSK,21.367766666666665
2024-03-09 12:00:00,LSK,21.467453571428564
2024-03-09 13:00:00,LSK,21.46731944444444
2024-03-09 14:00:00,LSK,21.309682758620692
2024-03-09 15:00:00,LSK,21.383581818181817
2024-03-09 16:00:00,LSK,21.594396551724127
2024-03-09 17:00:00,LSK,21.64464
2024-03-09 18:00:00,LSK,21.726571052631577
2024-03-09 19:00:00,LSK,21.590890000000005
2024-03-09 20:00:00,LSK,21.741718181818182
2024-03-09 21:00:00,LSK,21.968803124999997
2024-03-09 22:00:00,LSK,21.696111111111115
2024-03-09 23:00:00,LSK,21.482821428571434
2024-03-10 00:00:00,LSK,21.43160333333333
2024-03-10 01:00:00,LSK,21.272045454545452
2024-03-10 02:00:00,LSK,21.544873333333335
2024-03-10 03:00:00,LSK,21.204490909090907
2024-03-10 04:00:00,LSK,21.214804545454545
2024-03-10 05:00:00,LSK,21.220731818181818
2024-03-10 06:00:00,LSK,21.445225714285716
2024-03-10 07:00:00,LSK,21.42405862068965
2024-03-10 08:00:00,LSK,21.205718181818185
2024-03-10 09:00:00,LSK,21.325995238095246
2024-03-10 10:00:00,LSK,21.38990714285714
2024-03-10 11:00:00,LSK,21.42053333333333
2024-03-10 12:00:00,LSK,21.37160689655172
2024-03-10 13:00:00,LSK,21.264557142857146
2024-03-10 14:00:00,LSK,21.238666666666667
2024-03-10 15:00:00,LSK,21.261052380952385
2024-03-10 16:00:00,LSK,21.23248095238095
2024-03-10 17:00:00,LSK,21.2328
2024-03-10 18:00:00,LSK,21.20962857142857
2024-03-10 19:00:00,LSK,21.406972413793103
2024-03-10 20:00:00,LSK,21.36584705882353
2024-03-10 21:00:00,LSK,21.43008076923077
2024-03-10 22:00:00,LSK,21.602289999999996
2024-03-10 23:00:00,LSK,21.472551724137933
2024-03-11 00:00:00,LSK,21.21048275862069
2024-03-11 01:00:00,LSK,21.092023809523806
2024-03-11 02:00:00,LSK,21.06995714285714
2024-03-11 03:00:00,LSK,21.065195238095235
2024-03-11 04:00:00,LSK,21.040747619047618
2024-03-11 05:00:00,LSK,21.04582857142857
2024-03-11 06:00:00,LSK,21.019638095238097
2024-03-11 07:00:00,LSK,21.22752666666667
2024-03-11 08:00:00,LSK,20.93208095238095
2024-03-11 09:00:00,LSK,21.18618214285715
2024-03-11 10:00:00,LSK,21.374125925925927
2024-03-11 11:00:00,LSK,21.40558888888889
2024-03-11 12:00:00,LSK,21.477114814814815
2024-03-11 13:00:00,LSK,21.647415
2024-03-11 14:00:00,LSK,21.774631578947368
2024-03-11 15:00:00,LSK,21.67762222222222
2024-03-11 16:00:00,LSK,21.896980000000003
2024-03-11 17:00:00,LSK,21.992696428571428
2024-03-11 18:00:00,LSK,21.883212903225804
2024-03-11 19:00:00,LSK,21.823739999999997
2024-03-11 20:00:00,LSK,21.77683428571428
2024-03-11 21:00:00,LSK,21.77032972972973
2024-03-11 22:00:00,LSK,21.8094
2024-03-11 23:00:00,LSK,21.75559642857143
2024-03-12 00:00:00,LSK,21.687439285714284
2024-03-12 01:00:00,LSK,21.64065
2024-03-12 02:00:00,LSK,21.581319999999998
2024-03-12 03:00:00,LSK,21.500331578947367
2024-03-12 04:00:00,LSK,21.512814999999996
2024-03-12 05:00:00,LSK,21.480335
2024-03-12 06:00:00,LSK,21.418615
2024-03-12 07:00:00,LSK,21.30914615384615
2024-03-12 08:00:00,LSK,21.304725
2024-03-12 09:00:00,LSK,21.364677777777775
2024-03-12 10:00:00,LSK,21.58968888888889
2024-03-12 11:00:00,LSK,21.657725925925916
2024-03-12 12:00:00,LSK,21.86946
2024-03-12 13:00:00,LSK,21.793155555555558
2024-03-12 14:00:00,LSK,21.953245000000003
2024-03-12 15:00:00,LSK,21.9674
2024-03-12 16:00:00,LSK,22.333147999999998
2024-03-12 17:00:00,LSK,22.08947954545454
2024-03-12 18:00:00,LSK,22.083952777777778
2024-03-12 19:00:00,LSK,22.017779999999995
2024-03-12 20:00:00,LSK,21.979631428571434
2024-03-12 21:00:00,LSK,21.855233333333334
2024-03-12 22:00:00,LSK,22.051279310344828
2024-03-12 23:00:00,LSK,22.00327272727273
2024-03-13 00:00:00,LSK,22.063503125000004
2024-03-13 01:00:00,LSK,21.71311111111111
2024-03-13 02:00:00,LSK,21.75446
2024-03-13 03:00:00,LSK,21.7445074074074
2024-03-13 04:00:00,LSK,21.654574074074073
2024-03-13 05:00:00,LSK,21.680505000000004
2024-03-13 06:00:00,LSK,21.614396296296295
2024-03-13 07:00:00,LSK,21.864660714285716
2024-03-13 08:00:00,LSK,21.527985
2024-03-13 09:00:00,LSK,21.58687037037037
2024-03-13 10:00:00,LSK,21.793807142857144
2024-03-13 11:00:00,LSK,21.888133333333332
2024-03-13 12:00:00,LSK,21.89983333333333
2024-03-13 13:00:00,LSK,22.134584210526317
2024-03-13 14:00:00,LSK,22.026095
2024-03-13 15:00:00,LSK,21.946566666666673
2024-03-13 16:00:00,LSK,21.942607407407415
2024-03-13 17:00:00,LSK,22.349015384615385
2024-03-13 18:00:00,LSK,22.1031625
2024-03-13 19:00:00,LSK,21.93715384615384
2024-03-13 20:00:00,LSK,22.046400000000002
2024-03-13 21:00:00,LSK,21.831599999999998
2024-03-13 22:00:00,LSK,21.788233333333334
2024-03-13 23:00:00,LSK,21.98888461538462
2024-03-14 00:00:00,LSK,22.19681515151515
2024-03-14 01:00:00,LSK,22.07471904761905
2024-03-14 02:00:00,LSK,22.072795454545453
2024-03-14 03:00:00,LSK,22.062860465116284
2024-03-14 04:00:00,LSK,22.05365909090909
2024-03-14 05:00:00,LSK,21.973080487804882
2024-03-14 06:00:00,LSK,21.851714814814812
2024-03-14 07:00:00,LSK,22.04126551724138
2024-03-14 08:00:00,LSK,21.567596153846157
2024-03-14 09:00:00,LSK,21.750632352941178
2024-03-14 10:00:00,LSK,21.96912631578947
2024-03-14 11:00:00,LSK,22.055183333333332
2024-03-14 12:00:00,LSK,21.998308823529413
2024-03-14 13:00:00,LSK,22.17307222222222
2024-03-14 14:00:00,LSK,22.200836111111112
2024-03-14 15:00:00,LSK,22.249563157894737
2024-03-14 16:00:00,LSK,22.225952631578945
2024-03-14 17:00:00,LSK,22.430047058823522
2024-03-14 18:00:00,LSK,22.217452777777773
2024-03-14 19:00:00,LSK,22.100709523809524
2024-03-14 20:00:00,LSK,22.14534137931034
2024-03-14 21:00:00,LSK,21.99153513513513
2024-03-14 22:00:00,LSK,21.627885714285714
2024-03-15 09:00:00,LSK,21.890065384615387
2024-03-15 10:00:00,LSK,22.171140740740746
2024-03-15 11:00:00,LSK,22.06259615384615
2024-03-15 12:00:00,LSK,22.211178947368417
2024-03-15 13:00:00,LSK,22.246163157894735
2024-03-15 14:00:00,LSK,22.30177894736842
2024-03-15 15:00:00,LSK,22.426252631578947
2024-03-15 16:00:00,LSK,22.56559310344828
2024-03-15 17:00:00,LSK,22.737799999999996
2024-03-15 18:00:00,LSK,22.32927222222223
2024-03-15 19:00:00,LSK,22.156680000000005
2024-03-15 20:00:00,LSK,22.37397954545455
2024-03-15 21:00:00,LSK,22.34542727272727
2024-03-15 22:00:00,LSK,22.200026315789472
2024-03-15 23:00:00,LSK,22.593417391304346
2024-03-16 00:00:00,LSK,22.211973684210527
2024-03-16 01:00:00,LSK,22.196205263157896
2024-03-16 02:00:00,LSK,22.14696923076923
2024-03-16 03:00:00,LSK,22.286530769230765
2024-03-16 04:00:00,LSK,22.209138888888887
2024-03-16 05:00:00,LSK,22.366017241379314
2024-03-16 06:00:00,LSK,22.25265625
2024-03-16 07:00:00,LSK,22.272465517241383
2024-03-16 08:00:00,LSK,22.070133333333334
2024-03-16 09:00:00,LSK,22.084
2024-03-16 10:00:00,LSK,22.304700000000004
2024-03-16 11:00:00,LSK,22.162583333333334
2024-03-16 12:00:00,LSK,22.210155555555556
2024-03-16 13:00:00,LSK,22.264980769230768
2024-03-16 14:00:00,LSK,22.218916666666665
2024-03-16 15:00:00,LSK,22.264133333333334
2024-03-16 16:00:00,LSK,22.30378888888889
2024-03-16 17:00:00,LSK,22.328833333333336
2024-03-16 18:00:00,LSK,22.38515294117647
2024-03-16 19:00:00,LSK,22.565457142857145
2024-03-16 20:00:00,LSK,22.3733
2024-03-16 21:00:00,LSK,22.548335483870968
2024-03-16 22:00:00,LSK,22.514963636363635
2024-03-16 23:00:00,LSK,22.399163636363635
2024-03-17 00:00:00,LSK,22.307783333333337
2024-03-17 01:00:00,LSK,22.28392222222222
2024-03-17 02:00:00,LSK,22.403822857142853
2024-03-17 03:00:00,LSK,22.462362962962967
2024-03-17 04:00:00,LSK,22.267355555555557
2024-03-17 05:00:00,LSK,22.253466666666675
2024-03-17 06:00:00,LSK,22.266533333333335
2024-03-17 07:00:00,LSK,22.463941379310345
2024-03-17 08:00:00,LSK,22.297344444444445
2024-03-17 09:00:00,LSK,22.260995833333336
2024-03-17 10:00:00,LSK,22.579322222222224
2024-03-17 11:00:00,LSK,22.39130416666667
2024-03-17 12:00:00,LSK,22.49386111111111
2024-03-17 13:00:00,LSK,22.620872222222225
2024-03-17 14:00:00,LSK,22.711772222222223
2024-03-17 15:00:00,LSK,22.70111111111111
2024-03-17 16:00:00,LSK,22.7899
2024-03-17 17:00:00,LSK,22.759794444444445
2024-03-17 18:00:00,LSK,22.76857222222222
2024-03-17 19:00:00,LSK,22.76338888888889
2024-03-17 20:00:00,LSK,23.13074210526316
2024-03-17 21:00:00,LSK,22.873709090909095
2024-03-17 22:00:00,LSK,23.065528571428572
2024-03-17 23:00:00,LSK,22.845972413793106
2024-03-18 00:00:00,LSK,22.87678965517242
2024-03-18 01:00:00,LSK,22.57222777777778
2024-03-18 02:00:00,LSK,22.60355
2024-03-18 03:00:00,LSK,22.619472222222228
2024-03-18 04:00:00,LSK,22.557616666666668
2024-03-18 05:00:00,LSK,22.54246111111111
2024-03-18 06:00:00,LSK,22.545925000000008
2024-03-18 07:00:00,LSK,22.718868965517245
2024-03-18 08:00:00,LSK,22.558117241379314
2024-03-18 09:00:00,LSK,22.573534615384613
2024-03-18 10:00:00,LSK,22.710296153846155
2024-03-18 11:00:00,LSK,22.605844444444443
2024-03-18 12:00:00,LSK,22.633227777777776
2024-03-18 13:00:00,LSK,22.61535
2024-03-18 14:00:00,LSK,22.63152307692308
2024-03-18 15:00:00,LSK,22.766705714285713
2024-03-18 16:00:00,LSK,22.601483333333334
2024-03-18 17:00:00,LSK,22.62956666666667
2024-03-18 18:00:00,LSK,22.645555555555557
2024-03-18 19:00:00,LSK,22.777300000000004
2024-03-18 20:00:00,LSK,22.76551818181818
2024-03-18 21:00:00,LSK,22.762007142857144
2024-03-18 22:00:00,LSK,22.690399999999993
2024-03-18 23:00:00,LSK,22.812384210526318
2024-03-19 00:00:00,LSK,22.512355555555562
2024-03-19 01:00:00,LSK,22.56363888888889
2024-03-19 02:00:00,LSK,22.55741111111111
2024-03-19 03:00:00,LSK,22.568077777777777
2024-03-19 04:00:00,LSK,22.495855555555558
2024-03-19 05:00:00,LSK,22.551483333333334
2024-03-19 06:00:00,LSK,22.473137500000004
2024-03-19 07:00:00,LSK,22.52479655172414
2024-03-19 08:00:00,LSK,22.428300000000004
2024-03-19 09:00:00,LSK,21.86002727272727
2024-03-19 10:00:00,LSK,22.387436363636365
2024-03-19 11:00:00,LSK,22.378444444444447
2024-03-19 12:00:00,LSK,22.492066666666663
2024-03-19 13:00:00,LSK,22.524283333333337
2024-03-19 14:00:00,LSK,22.414183333333334
2024-03-19 15:00:00,LSK,22.62707428571429
2024-03-19 16:00:00,LSK,22.41975555555555
2024-03-19 17:00:00,LSK,22.339577777777773
2024-03-19 18:00:00,LSK,22.358277777777783
2024-03-19 19:00:00,LSK,22.644296551724135
2024-03-19 20:00:00,LSK,22.492502777777773
2024-03-19 21:00:00,LSK,22.474427777777773
2024-03-19 22:00:00,LSK,22.654774193548388
2024-03-19 23:00:00,LSK,22.572834210526317
2024-03-20 00:00:00,LSK,22.334055
2024-03-20 01:00:00,LSK,22.40128421052631
2024-03-20 02:00:00,LSK,22.384789473684208
2024-03-20 03:00:00,LSK,22.494851851851852
2024-03-20 04:00:00,LSK,22.341836842105266
2024-03-20 05:00:00,LSK,22.33481052631579
2024-03-20 06:00:00,LSK,22.28192105263158
2024-03-20 07:00:00,LSK,22.236011538461543
2024-03-20 08:00:00,LSK,22.20982
2024-03-20 09:00:00,LSK,22.18685555555556
2024-03-20 10:00:00,LSK,22.33929772727273
2024-03-20 11:00:00,LSK,22.359555555555556
2024-03-20 12:00:00,LSK,22.398392307692305
2024-03-20 13:00:00,LSK,22.477644444444447
2024-03-20 14:00:00,LSK,22.463505555555557
2024-03-20 15:00:00,LSK,22.67237333333333
2024-03-20 16:00:00,LSK,22.427394444444438
2024-03-20 17:00:00,LSK,22.438033333333337
2024-03-20 18:00:00,LSK,22.50636111111111
2024-03-20 19:00:00,LSK,22.66448666666667
2024-03-20 20:00:00,LSK,22.38019444444444
2024-03-20 21:00:00,LSK,22.22866956521739
2024-03-20 22:00:00,LSK,22.50321470588235
2024-03-20 23:00:00,LSK,22.446514999999998
2024-03-21 00:00:00,LSK,22.46076111111111
2024-03-21 01:00:00,LSK,22.383750000000006
2024-03-21 02:00:00,LSK,22.352852173913046
2024-03-21 09:00:00,LSK,22.247233333333334
2024-03-21 10:00:00,LSK,22.5041
2024-03-21 11:00:00,LSK,22.385583333333333
2024-03-21 12:00:00,LSK,22.676056250000002
2024-03-21 14:00:00,LSK,22.485488888888888
2024-03-21 15:00:00,LSK,22.714497619047616
2024-03-21 16:00:00,LSK,22.59671666666667
2024-03-21 17:00:00,LSK,22.830903333333335
2024-03-21 18:00:00,LSK,22.765921212121214
2024-03-21 19:00:00,LSK,22.70383888888889
2024-03-21 20:00:00,LSK,22.696770370370366
2024-03-21 21:00:00,LSK,22.512060869565214
2024-03-21 22:00:00,LSK,22.513721739130432
2024-03-21 23:00:00,LSK,22.55069565217391
2024-03-22 00:00:00,LSK,22.67384210526316
2024-03-22 01:00:00,LSK,22.637021052631574
2024-03-22 02:00:00,LSK,22.64998947368421
2024-03-22 03:00:00,LSK,22.649210526315784
2024-03-22 04:00:00,LSK,22.623757894736844
2024-03-22 05:00:00,LSK,22.648505263157894
2024-03-22 06:00:00,LSK,22.66692903225806
2024-03-22 07:00:00,LSK,22.56891052631579
2024-03-22 08:00:00,LSK,22.447386363636365
2024-03-22 09:00:00,LSK,22.5714205882353
2024-03-22 10:00:00,LSK,22.638785714285707
2024-03-22 11:00:00,LSK,22.703900000000004
2024-03-22 12:00:00,LSK,22.794899999999995
2024-03-22 13:00:00,LSK,22.73687368421053
2024-03-22 14:00:00,LSK,22.760015789473684
2024-03-22 15:00:00,LSK,22.762315789473682
2024-03-22 16:00:00,LSK,22.758025806451613
2024-03-22 17:00:00,LSK,22.710716666666666
2024-03-22 18:00:00,LSK,22.696325
2024-03-22 19:00:00,LSK,22.788689655172416
2024-03-22 20:00:00,LSK,22.72438529411765
2024-03-22 21:00:00,LSK,22.4688
2024-03-22 22:00:00,LSK,22.667309375000002
2024-03-22 23:00:00,LSK,22.86042058823529
2024-03-23 00:00:00,LSK,22.810514285714284
2024-03-23 01:00:00,LSK,22.86219523809524
2024-03-23 02:00:00,LSK,22.784004761904765
2024-03-23 03:00:00,LSK,22.998043333333335
2024-03-23 04:00:00,LSK,22.84720476190476
2024-03-23 05:00:00,LSK,22.876095238095235
2024-03-23 06:00:00,LSK,22.734528
2024-03-23 07:00:00,LSK,22.8894064516129
2024-03-23 08:00:00,LSK,22.764052380952382
2024-03-23 09:00:00,LSK,22.710166666666666
2024-03-23 10:00:00,LSK,22.786772727272734
2024-03-23 11:00:00,LSK,22.840799999999994
2024-03-23 12:00:00,LSK,22.951202857142857
2024-03-23 13:00:00,LSK,22.81162000000001
2024-03-23 14:00:00,LSK,22.892761904761905
2024-03-23 15:00:00,LSK,22.906342857142857
2024-03-23 16:00:00,LSK,22.89618095238095
2024-03-23 17:00:00,LSK,23.001944827586204
2024-03-23 18:00:00,LSK,23.079752380952378
2024-03-23 19:00:00,LSK,23.248080645161295
2024-03-23 20:00:00,LSK,23.28464827586206
2024-03-23 21:00:00,LSK,23.035352000000003
2024-03-23 22:00:00,LSK,23.306275000000003
2024-03-23 23:00:00,LSK,23.081445833333333
2024-03-24 00:05:00,LSK,23.091080952380953
2024-03-24 00:35:00,LSK,23.14483
2024-03-24 01:05:00,LSK,23.17062857142857
2024-03-24 01:35:00,LSK,23.14802222222222
2024-03-24 02:05:00,LSK,23.110635
2024-03-24 02:35:00,LSK,23.195076190476193
2024-03-24 03:05:00,LSK,23.08916
2024-03-24 03:35:00,LSK,23.14745714285714
2024-03-24 04:05:00,LSK,23.18555238095238
2024-03-24 04:35:00,LSK,23.06983
2024-03-24 05:05:00,LSK,23.23983
2024-03-24 05:35:00,LSK,23.18102631578947
2024-03-24 06:05:00,LSK,23.100668421052628
2024-03-24 06:35:00,LSK,23.167909523809524
2024-03-24 07:05:00,LSK,23.195842857142857
2024-03-24 07:35:00,LSK,23.16250952380952
2024-03-24 08:05:00,LSK,23.194490476190474
2024-03-24 08:30:00,LSK,23.422338461538455
2024-03-24 09:00:00,LSK,23.229484
2024-03-24 09:35:00,LSK,23.395474999999998
2024-03-24 10:05:00,LSK,23.45938095238095
2024-03-24 10:35:00,LSK,23.403825000000005
2024-03-24 11:05:00,LSK,23.553652631578952
2024-03-24 11:35:00,LSK,23.502985000000002
2024-03-24 12:05:00,LSK,23.45598571428571
2024-03-24 12:35:00,LSK,23.510447619047614
2024-03-24 13:05:00,LSK,23.461019999999998
2024-03-24 13:35:00,LSK,23.477575
2024-03-24 14:05:00,LSK,23.623150000000003
2024-03-24 14:35:00,LSK,23.68331428571429
2024-03-24 15:05:00,LSK,23.786005000000003
2024-03-24 15:35:00,LSK,23.879995238095244
2024-03-24 16:05:00,LSK,23.8574619047619
2024-03-24 16:35:00,LSK,23.861005
2024-03-24 17:05:00,LSK,24.063995000000006
2024-03-24 17:35:00,LSK,23.961850000000005
2024-03-24 18:05:00,LSK,23.98018947368421
2024-03-24 18:35:00,LSK,23.964035000000003
2024-03-24 19:05:00,LSK,23.868466666666666
2024-03-24 19:35:00,LSK,23.895761904761905
2024-03-24 20:05:00,LSK,23.999403225806454
2024-03-24 20:35:00,LSK,23.688405
2024-03-24 21:05:00,LSK,23.939104761904762
2024-03-24 21:30:00,LSK,23.930004347826085
2024-03-24 22:05:00,LSK,23.931090909090905
2024-03-24 22:30:00,LSK,23.946673076923073
2024-03-24 23:00:00,LSK,23.8475696969697
2024-03-24 23:30:00,LSK,23.709612000000003
2024-03-25 00:05:00,LSK,23.69314736842105
2024-03-25 00:35:00,LSK,23.67267142857143
2024-03-25 01:05:00,LSK,23.74269523809524
2024-03-25 01:35:00,LSK,23.555699999999998
2024-03-25 02:00:00,LSK,23.70060476190476
2024-03-25 02:35:00,LSK,24.01473928571429
2024-03-25 03:05:00,LSK,23.986394594594596
2024-03-25 03:35:00,LSK,24.10595757575758
2024-03-25 04:05:00,LSK,24.000669230769233
2024-03-25 04:35:00,LSK,23.979915000000002
2024-03-25 05:05:00,LSK,23.86250689655172
2024-03-25 05:35:00,LSK,23.61946315789474
2024-03-25 06:05:00,LSK,23.76595517241379
2024-03-25 06:35:00,LSK,23.651831818181822
2024-03-25 07:05:00,LSK,23.585626315789472
2024-03-25 07:35:00,LSK,23.642306896551723
2024-03-25 08:05:00,LSK,23.388399999999997
2024-03-25 08:45:00,LSK,23.44523529411765
2024-03-25 09:00:00,LSK,23.22560666666666
2024-03-25 09:35:00,LSK,22.818027777777775
2024-03-25 10:00:00,LSK,22.8626347826087
2024-03-25 10:35:00,LSK,22.98846666666667
2024-03-25 11:00:00,LSK,22.942620833333336
2024-03-25 11:35:00,LSK,23.04746551724138
2024-03-25 12:05:00,LSK,22.973329999999997
2024-03-25 12:35:00,LSK,22.96331481481482
2024-03-25 13:00:00,LSK,23.145056521739132
2024-03-25 13:35:00,LSK,23.10814827586207
2024-03-25 14:05:00,LSK,22.974669999999996
2024-03-25 14:35:00,LSK,22.978415789473683
2024-03-25 15:00:00,LSK,23.109637500000005
2024-03-25 15:35:00,LSK,23.075071428571423
2024-03-25 16:05:00,LSK,23.09888095238095
2024-03-25 16:35:00,LSK,23.019815789473682
2024-03-25 17:05:00,LSK,23.165475000000004
2024-03-25 17:35:00,LSK,23.10467
2024-03-25 18:05:00,LSK,23.253825000000003
2024-03-25 18:35:00,LSK,23.20444761904762
2024-03-25 19:05:00,LSK,23.286166666666663
2024-03-25 19:35:00,LSK,23.512118181818177
2024-03-25 20:05:00,LSK,23.487835483870967
2024-03-25 20:35:00,LSK,23.389126315789476
2024-03-25 21:00:00,LSK,23.401958823529416
2024-03-25 21:30:00,LSK,23.326194736842115
2024-03-25 22:00:00,LSK,23.51886279069768
2024-03-25 22:30:00,LSK,23.527044827586202
2024-03-25 23:00:00,LSK,23.37381304347826
2024-03-25 23:30:00,LSK,23.373675000000002
2024-03-26 00:05:00,LSK,23.518976190476188
2024-03-26 00:35:00,LSK,23.580594999999995
2024-03-26 01:05:00,LSK,23.47912
2024-03-26 01:35:00,LSK,23.560428571428574
2024-03-26 02:05:00,LSK,23.484238095238094
2024-03-26 02:35:00,LSK,23.545376190476194
2024-03-26 03:05:00,LSK,23.579476190476193
2024-03-26 03:35:00,LSK,23.519605555555554
2024-03-26 04:05:00,LSK,23.592357142857143
2024-03-26 04:35:00,LSK,23.546974999999996
2024-03-26 05:05:00,LSK,23.578071428571427
2024-03-26 05:35:00,LSK,23.44047368421052
2024-03-26 06:05:00,LSK,23.601975
2024-03-26 06:35:00,LSK,23.59349
2024-03-26 07:05:00,LSK,23.454159999999998
2024-03-26 07:35:00,LSK,23.48155714285714
2024-03-26 08:05:00,LSK,23.444828571428573
2024-03-26 08:35:00,LSK,23.278729032258063
2024-03-26 09:05:00,LSK,22.84038947368421
2024-03-26 09:30:00,LSK,22.969868181818182
2024-03-26 10:00:00,LSK,23.207197674418598
2024-03-26 10:35:00,LSK,23.249527586206902
2024-03-26 11:05:00,LSK,23.139216666666666
2024-03-26 11:35:00,LSK,23.060314285714284
2024-03-26 12:05:00,LSK,23.052659999999996
2024-03-26 12:35:00,LSK,23.181815000000004
2024-03-26 13:05:00,LSK,23.163329999999995
2024-03-26 13:35:00,LSK,23.191855
2024-03-26 14:05:00,LSK,23.235970000000002
2024-03-26 14:35:00,LSK,23.160785714285712
2024-03-26 15:05:00,LSK,23.085876190476192
2024-03-26 15:35:00,LSK,23.170947619047617
2024-03-26 16:05:00,LSK,23.088557142857145
2024-03-26 16:35:00,LSK,22.93472105263158
2024-03-26 17:05:00,LSK,22.981640000000002
2024-03-26 17:35:00,LSK,23.156640000000003
2024-03-26 18:05:00,LSK,23.119971428571432
2024-03-26 18:35:00,LSK,22.958073684210525
2024-03-26 19:05:00,LSK,23.20492380952381
2024-03-26 19:35:00,LSK,23.47513
2024-03-26 20:05:00,LSK,23.411690476190476
2024-03-26 20:30:00,LSK,23.26726590909091
2024-03-26 21:05:00,LSK,23.417113636363638
2024-03-26 21:30:00,LSK,23.195886363636365
2024-03-26 22:05:00,LSK,23.127660000000002
2024-03-26 22:40:00,LSK,23.43808947368421
2024-03-26 23:05:00,LSK,23.349040000000002
2024-03-26 23:35:00,LSK,23.440036363636363
2024-03-27 00:05:00,LSK,23.4627
2024-03-27 00:30:00,LSK,23.361141666666665
2024-03-27 01:00:00,LSK,23.367565217391302
2024-03-27 01:35:00,LSK,23.520980952380953
2024-03-27 02:00:00,LSK,23.61508181818182
2024-03-27 02:35:00,LSK,23.552510526315793
2024-03-27 03:05:00,LSK,23.480204761904762
2024-03-27 03:35:00,LSK,23.445694736842107
2024-03-27 04:05:00,LSK,23.465152380952382
2024-03-27 04:35:00,LSK,23.517533333333333
2024-03-27 05:05:00,LSK,23.49841
2024-03-27 05:35:00,LSK,23.542740000000002
2024-03-27 06:05:00,LSK,23.53341
2024-03-27 06:35:00,LSK,23.46345
2024-03-27 07:05:00,LSK,23.447645
2024-03-27 07:35:00,LSK,23.34780588235294
2024-03-27 08:05:00,LSK,23.241933333333336
2024-03-27 08:35:00,LSK,23.05312413793104
2024-03-27 09:05:00,LSK,23.101933333333328
2024-03-27 09:35:00,LSK,22.981084210526316
2024-03-27 10:00:00,LSK,22.95017391304348
2024-03-27 10:30:00,LSK,22.93904193548387
2024-03-27 11:00:00,LSK,22.81804090909091
2024-03-27 11:35:00,LSK,22.881185
2024-03-27 12:05:00,LSK,22.95761666666667
2024-03-27 12:35:00,LSK,22.887033333333328
2024-03-27 13:05:00,LSK,23.04517
2024-03-27 13:35:00,LSK,23.12052105263158
2024-03-27 14:00:00,LSK,22.908404761904762
2024-03-27 14:35:00,LSK,22.99865
2024-03-27 15:05:00,LSK,22.943785
2024-03-27 15:35:00,LSK,22.961215789473684
2024-03-27 16:00:00,LSK,22.915772727272728
2024-03-27 16:35:00,LSK,22.891145
2024-03-27 17:00:00,LSK,22.87797391304348
2024-03-27 17:30:00,LSK,22.767062500000005
2024-03-27 18:05:00,LSK,22.964713636363637
2024-03-27 18:35:00,LSK,23.127250000000004
2024-03-27 19:05:00,LSK,23.175880487804882
2024-03-27 19:30:00,LSK,22.975462500000003
2024-03-27 20:10:00,LSK,23.36873214285714
2024-03-27 20:35:00,LSK,23.096404761904765
2024-03-27 21:00:00,LSK,23.07812105263158
2024-03-27 21:30:00,LSK,23.06250952380952
2024-03-27 22:05:00,LSK,23.243643749999997
2024-03-27 22:35:00,LSK,23.301186363636365
2024-03-27 23:05:00,LSK,23.378459090909086
2024-03-27 23:30:00,LSK,23.400577272727272
2024-03-28 00:05:00,LSK,23.28631904761905
2024-03-28 00:35:00,LSK,23.538368965517243
2024-03-28 01:00:00,LSK,23.212358333333338
2024-03-28 01:30:00,LSK,23.174858333333333
2024-03-28 02:05:00,LSK,23.47408387096774
2024-03-28 02:35:00,LSK,23.524245
2024-03-28 03:05:00,LSK,23.50566
2024-03-28 03:35:00,LSK,23.251747368421054
2024-03-28 04:05:00,LSK,23.569580000000002
2024-03-28 04:30:00,LSK,23.56906511627907
2024-03-28 05:00:00,LSK,23.298627272727273
2024-03-28 05:30:00,LSK,23.285643478260862
2024-03-28 06:05:00,LSK,23.468609677419355
2024-03-28 06:30:00,LSK,23.227941666666666
2024-03-28 07:05:00,LSK,23.419466666666672
2024-03-28 07:35:00,LSK,23.248261904761904
2024-03-28 08:05:00,LSK,23.318966666666665
2024-03-28 08:40:00,LSK,23.32675
2024-03-28 09:05:00,LSK,22.89707
2024-03-28 09:30:00,LSK,22.876295652173916
2024-03-28 10:00:00,LSK,22.861175
2024-03-28 10:35:00,LSK,23.023840909090907
2024-03-28 11:00:00,LSK,22.9176875
2024-03-28 11:35:00,LSK,22.964476190476187
2024-03-28 12:05:00,LSK,23.08766
2024-03-28 12:35:00,LSK,22.931104761904766
2024-03-28 13:05:00,LSK,23.081442857142854
2024-03-28 13:35:00,LSK,23.071185
2024-03-28 14:00:00,LSK,23.044508695652173
2024-03-28 14:35:00,LSK,22.93465
2024-03-28 15:05:00,LSK,23.08073333333333
2024-03-28 15:35:00,LSK,23.12698095238095
2024-03-28 16:05:00,LSK,23.138330000000003
2024-03-28 16:35:00,LSK,23.104447619047615
2024-03-28 17:05:00,LSK,23.082659999999997
2024-03-28 17:35:00,LSK,23.157660000000003
2024-03-28 18:05:00,LSK,23.176854999999996
2024-03-28 18:35:00,LSK,23.151854999999998
2024-03-28 19:05:00,LSK,23.241184999999998
2024-03-28 19:35:00,LSK,23.461190322580645
2024-03-28 20:05:00,LSK,23.287700000000008
2024-03-28 20:35:00,LSK,23.311225
2024-03-28 21:00:00,LSK,23.229623999999994
2024-03-28 21:35:00,LSK,23.552403225806447
2024-03-28 22:05:00,LSK,23.456390909090906
2024-03-28 22:30:00,LSK,23.409578571428572
2024-03-28 23:05:00,LSK,23.429937931034488
2024-03-28 23:30:00,LSK,23.309414285714286
2024-03-29 00:05:00,LSK,23.4183
2024-03-29 00:35:00,LSK,23.41111052631579
2024-03-29 01:05:00,LSK,23.474214999999997
2024-03-29 01:35:00,LSK,23.40341
2024-03-29 02:05:00,LSK,23.467740000000003
2024-03-29 02:35:00,LSK,23.364900000000002
2024-03-29 03:05:00,LSK,23.41341052631579
2024-03-29 03:35:00,LSK,23.423409999999997
2024-03-29 04:05:00,LSK,23.473410000000005
2024-03-29 04:35:00,LSK,23.419215
2024-03-29 05:05:00,LSK,23.488410000000002
2024-03-29 05:35:00,LSK,23.41841
2024-03-29 06:05:00,LSK,23.494215
2024-03-29 06:35:00,LSK,23.384215000000005
2024-03-29 07:05:00,LSK,23.414215000000006
2024-03-29 07:35:00,LSK,23.345554999999997
2024-03-29 08:05:00,LSK,23.428329999999995
2024-03-29 08:35:00,LSK,23.381145
2024-03-29 09:00:00,LSK,23.481859090909087
2024-03-29 09:35:00,LSK,23.509584999999998
2024-03-29 10:05:00,LSK,23.612575
2024-03-29 10:30:00,LSK,23.691312500000006
2024-03-29 11:05:00,LSK,23.76768571428571
2024-03-29 11:35:00,LSK,23.700477777777778
2024-03-29 12:05:00,LSK,23.56131052631579
2024-03-29 12:35:00,LSK,23.650876470588234
2024-03-29 13:05:00,LSK,23.762641176470588
2024-03-29 13:35:00,LSK,23.65990555555556
2024-03-29 14:05:00,LSK,23.993372413793097
2024-03-29 14:35:00,LSK,23.826726315789475
2024-03-29 15:05:00,LSK,23.886958823529415
2024-03-29 15:35:00,LSK,24.00045263157895
2024-03-29 16:05:00,LSK,24.080894736842104
2024-03-29 16:35:00,LSK,23.984789473684213
2024-03-29 17:05:00,LSK,24.044136842105264
2024-03-29 17:35:00,LSK,23.946578947368423
2024-03-29 18:00:00,LSK,24.192021875
2024-03-29 18:35:00,LSK,23.974705555555555
2024-03-29 19:05:00,LSK,23.93163157894737
2024-03-29 19:35:00,LSK,23.88478947368421
2024-03-29 20:05:00,LSK,23.705093750000003
2024-03-29 20:35:00,LSK,23.927910714285723
2024-03-29 21:05:00,LSK,24.12262608695652
2024-03-29 21:30:00,LSK,24.027860000000004
2024-03-29 22:05:00,LSK,24.192826923076925
2024-03-29 22:35:00,LSK,24.134052173913044
2024-03-29 23:05:00,LSK,23.984038888888886
2024-03-29 23:30:00,LSK,23.82233333333333
2024-03-30 00:05:00,LSK,23.904577777777778
2024-03-30 00:35:00,LSK,23.860133333333334
2024-03-30 01:05:00,LSK,24.039550000000002
2024-03-30 01:35:00,LSK,23.741088235294118
2024-03-30 02:05:00,LSK,24.09062068965517
2024-03-30 02:30:00,LSK,23.78175
2024-03-30 03:05:00,LSK,23.44119
2024-03-30 03:35:00,LSK,23.800626315789476
2024-03-30 04:05:00,LSK,23.948705882352943
2024-03-30 04:35:00,LSK,23.81177222222222
2024-03-30 05:05:00,LSK,23.756216666666667
2024-03-30 05:35:00,LSK,23.81341176470588
2024-03-30 06:05:00,LSK,23.888235294117646
2024-03-30 06:35:00,LSK,23.773605263157894
2024-03-30 07:05:00,LSK,23.065599999999996
2024-03-30 07:35:00,LSK,23.78638947368421
2024-03-30 08:05:00,LSK,23.863036842105263
2024-03-30 08:30:00,LSK,23.683238095238096
2024-03-30 09:05:00,LSK,23.863610526315792
2024-03-30 09:35:00,LSK,23.868168421052633
2024-03-30 10:05:00,LSK,23.928178947368416
2024-03-30 10:35:00,LSK,23.99261
2024-03-30 11:15:00,LSK,23.934584615384615
2024-03-30 11:35:00,LSK,23.89283157894737
2024-03-30 12:05:00,LSK,23.94776315789474
2024-03-30 12:35:00,LSK,23.991733333333332
2024-03-30 13:00:00,LSK,23.889744999999998
2024-03-30 13:35:00,LSK,23.983788235294117
2024-03-30 14:05:00,LSK,24.06147894736842
2024-03-30 14:35:00,LSK,24.040426315789468
2024-03-30 15:05:00,LSK,24.207294736842105
2024-03-30 15:35:00,LSK,24.508490000000002
2024-03-30 16:05:00,LSK,24.35466315789473
2024-03-30 16:35:00,LSK,24.290942105263156
2024-03-30 17:05:00,LSK,24.269184210526316
2024-03-30 17:35:00,LSK,24.129470588235293
2024-03-30 18:05:00,LSK,24.283421052631574
2024-03-30 18:35:00,LSK,24.151842105263153
2024-03-30 19:05:00,LSK,24.288605555555556
2024-03-30 19:35:00,LSK,24.38033181818182
2024-03-30 20:00:00,LSK,24.387510344827582
2024-03-30 20:35:00,LSK,24.268766666666668
2024-03-30 21:05:00,LSK,24.575119047619047
2024-03-30 21:35:00,LSK,24.527408695652174
2024-03-30 22:00:00,LSK,24.39646060606061
2024-03-30 22:30:00,LSK,24.476033333333337
2024-03-30 23:05:00,LSK,24.396616666666667
2024-03-30 23:30:00,LSK,24.129154545454547
2024-03-31 00:05:00,LSK,24.3086
2024-03-31 00:35:00,LSK,24.259214999999998
2024-03-31 01:05:00,LSK,24.194884999999996
2024-03-31 01:35:00,LSK,23.937372727272727
2024-03-31 02:00:00,LSK,24.1841619047619
2024-03-31 02:30:00,LSK,24.18988695652174
2024-03-31 03:05:00,LSK,24.213370000000005
2024-03-31 03:35:00,LSK,24.21407368421053
2024-03-31 04:05:00,LSK,24.22337
2024-03-31 04:35:00,LSK,24.247910526315792
2024-03-31 05:05:00,LSK,24.231185
2024-03-31 05:35:00,LSK,24.266185
2024-03-31 06:05:00,LSK,24.189629411764706
2024-03-31 06:35:00,LSK,24.216855000000002
2024-03-31 07:05:00,LSK,24.241184999999998
2024-03-31 07:35:00,LSK,24.221111111111107
2024-03-31 08:05:00,LSK,24.260635000000004
2024-03-31 08:30:00,LSK,24.18191304347826
2024-03-31 09:05:00,LSK,24.389683333333334
2024-03-31 09:35:00,LSK,24.351084210526313
2024-03-31 10:00:00,LSK,24.313047826086958
2024-03-31 10:30:00,LSK,24.522003030303033
2024-03-31 11:05:00,LSK,24.387015000000005
2024-03-31 11:35:00,LSK,24.21353684210526
2024-03-31 12:05:00,LSK,24.371431578947366
2024-03-31 12:35:00,LSK,24.17391111111111
2024-03-31 13:05:00,LSK,24.313834999999994
2024-03-31 13:35:00,LSK,24.446142105263153
2024-03-31 14:05:00,LSK,24.413733333333333
2024-03-31 14:30:00,LSK,24.32612608695652
2024-03-31 15:05:00,LSK,24.34483
2024-03-31 15:35:00,LSK,24.383284210526316
2024-03-31 16:05:00,LSK,24.39412
2024-03-31 16:35:00,LSK,24.201450000000005
2024-03-31 17:05:00,LSK,24.45282
2024-03-31 17:35:00,LSK,24.430675
2024-03-31 18:05:00,LSK,24.47368947368421
2024-03-31 18:35:00,LSK,24.420005000000003
2024-03-31 19:05:00,LSK,24.46786000000001
2024-03-31 19:35:00,LSK,24.730657142857144
2024-03-31 20:00:00,LSK,24.755104761904764
2024-03-31 20:35:00,LSK,24.518094736842105
2024-03-31 21:05:00,LSK,24.840066666666665
2024-03-31 21:30:00,LSK,24.803636363636368
2024-03-31 22:05:00,LSK,24.459805263157893
2024-03-31 22:30:00,LSK,24.49954090909091
2024-03-31 23:05:00,LSK,24.709663333333335
2024-03-31 23:30:00,LSK,24.461017391304352
